AgeMonths,Size,WeightKg,Vaccinated,HealthCondition,TimeInShelterDays,AdoptionFee,PreviousOwner,LifeStage,Breed_Labrador,Breed_Parakeet,Breed_Persian,Breed_Poodle,Breed_Rabbit,Breed_Siamese,Color_Brown,Color_Gray,Color_Orange,Color_White
1.522052255665197,2,-0.9771449947349125,0,0,1.0035821702173076,1.5726043658890765,0,3,0,0,0,0,0,1,0,0,0,1
1.0604611735320533,1,1.0030585828069079,1,0,1.5840323983970475,1.2982196300719007,0,3,0,1,0,0,0,0,0,0,0,1
0.002648276976932204,2,1.2608013314264672,1,0,0.30704189640161955,1.39671671472422,0,3,0,0,0,1,0,0,0,1,0,0
0.25267677979905173,2,0.1835356553907402,0,0,-1.4730054700162498,0.32028428959529953,0,3,0,0,1,0,0,0,0,0,0,1
-0.07428357004525842,1,-0.6020373813067657,1,0,-0.6603751505646137,-1.7059414518238454,0,3,0,0,0,0,0,1,0,0,0,1
0.848898594221029,2,-0.07268692147172257,1,0,0.42313194203756754,1.3826457026310317,0,3,0,0,0,0,1,0,0,0,0,1
-1.382124969422499,1,1.2766736099519003,1,0,-0.1186216042635231,1.4952137993765398,0,1,0,0,0,1,0,0,0,1,0,0
-1.5936875487335231,2,0.11335140773813601,1,0,-0.5442851049286658,-0.42547935134369125,1,1,0,0,1,0,0,0,1,0,0,0
0.5219382443767189,2,-0.4676902109325394,1,0,-0.8538585599578604,0.9534798337887823,0,3,0,0,0,0,1,0,1,0,0,0
-1.4782897782002373,0,0.13822889274962097,1,0,1.1196722158532555,-0.010384494594630356,1,1,0,0,0,0,1,0,0,0,0,0
-1.0359316578226412,1,0.755452338668122,1,0,1.5840323983970475,-0.3480887848311545,0,2,1,0,0,0,0,0,1,0,0,0
1.406654485131911,0,0.7922802091661443,1,0,-0.9699486055938085,-0.01742000064122461,1,3,1,0,0,0,0,0,0,0,1,0
0.13727900926576578,2,0.7167923083768474,1,0,1.4679423527610995,0.9675508458819708,0,3,1,0,0,0,0,0,0,0,1,0
0.9450634029987673,1,0.6906008972064372,0,0,-1.047341969351107,0.05997056587131217,0,3,0,0,0,0,0,1,0,0,0,0
1.1950919058208869,1,-1.643489715584664,1,0,-0.07992492238487377,-0.010384494594630356,1,3,0,1,0,0,0,0,1,0,0,0
-1.7475512427779043,0,-0.40923391983203367,0,0,-1.3182187425016525,1.340432666351466,1,0,0,0,0,0,0,0,0,1,0,0
0.15651197102131345,2,-0.7337399019703932,1,1,-0.4281950592927178,-0.9531423048382602,0,3,0,0,0,0,1,0,0,0,0,1
1.2720237528430773,1,0.7944258164317265,0,1,-1.4343087881376004,-0.1370236034333269,0,3,0,0,0,0,0,1,0,0,1,0
-1.382124969422499,2,0.18488947218831786,0,1,-1.4343087881376004,1.5444623417026995,0,1,0,1,0,0,0,0,1,0,0,0
-0.15121541706744904,1,-0.5040430448341474,1,0,-1.6277921975308471,-0.502869917856228,0,3,0,0,1,0,0,0,0,0,0,0
0.09881308575467047,2,1.4395711682141235,1,1,0.6553120333094635,-1.1008879318167395,1,3,0,1,0,0,0,0,0,1,0,0
1.137393020554244,0,-0.44376538214650046,1,0,0.7714020789454116,1.1575095091400156,0,3,0,0,0,0,1,0,0,0,0,0
-1.3628920076669513,0,1.4204556568746407,1,0,-0.0025315586275751,0.6931661100647949,0,1,1,0,0,0,0,0,0,0,0,0
1.4835863321541016,2,1.6830549453305221,1,0,-1.1247353331084058,0.7635211705307374,0,3,0,0,0,0,0,1,0,0,0,0
0.5988700913989096,0,-0.7741742539085202,0,0,-0.2347116498994711,-1.4104501978668866,0,3,0,0,0,0,1,0,1,0,0,0
-1.382124969422499,0,-1.3563176222898123,1,0,0.7714020789454116,1.1223319789070443,0,1,0,1,0,0,0,0,1,0,0,0
-0.22814726408963965,0,-0.3046564424328189,0,0,1.1970655796105543,0.5805980133192868,0,2,0,0,0,1,0,0,0,0,1,0
-1.5744545869779756,0,-0.658156058496973,1,0,-0.8538585599578604,1.4389297510037857,1,1,0,0,1,0,0,0,0,0,1,0
-0.6705053844672357,2,0.7939466241287044,0,0,-0.9699486055938085,0.29917777145551677,1,2,0,0,0,1,0,0,1,0,0,0
1.464353370398554,0,1.3677815878989175,1,0,1.1196722158532555,-1.389343679727104,0,3,0,0,0,0,1,0,0,0,1,0
1.4451204086430063,0,0.5920349003420474,1,0,-1.4343087881376004,-0.7913256657665925,0,3,1,0,0,0,0,0,0,0,0,1
-0.47817576691175917,1,-0.061003342330588364,1,0,1.1583688977319049,1.1715805212332042,0,2,0,0,0,0,0,0,0,0,0,0
1.2335578293319822,1,0.6210187552684068,0,0,0.5005253057948662,-0.1510946155265154,1,3,0,1,0,0,0,0,0,0,1,0
-0.6128064992005927,0,-8.05088313506887e-05,1,0,-0.2347116498994711,0.4469233984339961,0,2,0,1,0,0,0,0,1,0,0,0
-0.2858461493562826,1,0.657891608401935,1,0,-1.4343087881376004,0.25696473517595125,0,2,0,0,1,0,0,0,0,0,1,0
1.3297226381097205,0,-1.1022676870483632,0,1,0.8100987608240608,1.136402991000233,0,3,0,0,1,0,0,0,1,0,0,0
-1.6898523575112614,0,-1.4706013093399335,0,0,1.1196722158532555,-1.4315567160066693,1,0,0,0,0,0,0,0,0,0,0,1
-0.035817646534163104,0,1.059373347591592,1,0,-1.3569154243803017,-1.727047969963628,0,3,0,0,1,0,0,0,0,0,1,0
0.291142703310147,1,0.5646331325635574,0,0,1.2744589433678528,0.34842631378167654,1,3,0,0,1,0,0,0,0,0,1,0
1.175858944065339,1,-1.5158702967929008,0,0,0.07486180512972357,1.2419355816991466,0,3,0,0,1,0,0,0,0,0,0,1
-0.8628350020227122,0,0.20473527670827998,1,0,0.6940087151881129,1.474107281236757,0,2,0,0,0,0,0,0,0,0,0,1
-0.5358746521784021,2,-0.7144461278524699,1,0,-0.0025315586275751,-1.2978821011213786,1,2,0,0,1,0,0,0,0,0,0,1
1.6182170644429352,2,-0.20278472812744947,0,0,-1.2408253787443537,-1.5652313308919603,0,3,1,0,0,0,0,0,0,0,0,0
-1.1897953518670223,2,1.4698088475435473,1,0,0.6940087151881129,0.010722023545152401,0,2,1,0,0,0,0,0,0,1,0,0
1.2720237528430773,2,-0.5404235263398973,1,1,1.1970655796105543,1.361539184491249,0,3,0,0,0,0,1,0,0,0,0,1
0.27190974155459935,2,-1.0848851501736876,0,1,1.4679423527610995,-1.389343679727104,1,3,0,0,1,0,0,0,0,0,0,0
-1.1320964666003794,1,0.7652825001307725,1,0,1.7388191259116448,-1.2697400769350016,0,2,0,1,0,0,0,0,0,0,1,0
0.40654047384343295,1,1.4855733741694976,1,0,-0.7764651962005618,1.4530007630969741,0,3,1,0,0,0,0,0,0,0,0,0
-0.4397098434006639,1,0.6658547464715739,1,0,1.0809755339746063,-0.5239764359960108,0,2,0,1,0,0,0,0,0,0,0,0
1.2143248675764344,1,0.712515717382694,1,0,0.9648854883386583,-0.8898227504189119,0,3,1,0,0,0,0,0,0,1,0,0
1.3297226381097205,2,-0.012246467635156254,0,0,-1.1247353331084058,-1.0375683773973912,0,3,0,0,0,0,1,0,1,0,0,0
-0.5358746521784021,1,0.6484291085965714,0,0,1.7001224440329956,-0.6154380146017361,1,2,0,0,0,0,1,0,0,0,0,1
1.5797511409318399,2,-0.3023947826118482,0,1,1.390548989003801,-0.11591708529354415,0,3,0,0,1,0,0,0,0,0,0,0
-0.8628350020227122,1,0.2380036783987772,1,0,-0.8925552418365098,0.9534798337887823,1,2,0,1,0,0,0,0,1,0,0,0
1.3297226381097205,1,-0.35264049445944895,0,0,1.4679423527610995,-0.31291125459818325,0,3,0,1,0,0,0,0,0,0,1,0
-0.016584684778615452,0,-0.9400878453143313,1,1,1.506639034639749,-0.04556202482760162,0,3,0,0,0,0,1,0,1,0,0,0
1.3681885616208158,2,0.016392764513878125,1,0,-0.6216784686859644,0.3695328319214593,0,3,0,0,0,0,1,0,0,0,1,0
0.5796371296433619,1,1.4040768345757848,1,0,-0.2347116498994711,1.361539184491249,0,3,1,0,0,0,0,0,0,0,1,0
1.6566829879540306,0,1.4334877468395497,1,0,-1.4730054700162498,-0.38326631506412573,1,3,0,0,0,0,1,0,0,1,0,0
1.2912567145986251,2,-0.28174078319958606,0,0,-0.9699486055938085,1.2911841240253064,1,3,0,0,0,1,0,0,0,0,0,1
1.6566829879540306,1,0.9966530474412961,1,0,-1.5890955156521978,-1.2838110890281902,0,3,0,0,0,0,0,0,0,0,0,0
1.4451204086430063,2,-1.1315124135056647,1,1,-1.5890955156521978,-1.5441248127521774,0,3,0,0,0,0,0,1,0,0,1,0
1.3681885616208158,0,-0.0806388063039492,1,0,-0.0025315586275751,-0.502869917856228,0,3,0,0,0,0,1,0,0,0,0,0
0.38730751208788533,0,-1.668557369526655,1,0,0.9261888064600089,0.34842631378167654,0,3,0,0,0,0,1,0,0,0,1,0
1.406654485131911,1,-0.2316371661464927,0,0,1.1970655796105543,-0.8476097141393465,1,3,0,1,0,0,0,0,1,0,0,0
-1.2859601606447606,2,-1.7051622506870903,0,0,-1.3569154243803017,1.3826457026310317,1,2,0,0,0,0,1,0,0,0,0,1
-1.0359316578226412,0,1.2553794609481845,1,0,1.3131556252465022,-1.3752726676339153,1,2,0,0,0,0,1,0,0,0,0,1
-0.18968134057854436,2,-0.6260271454088477,1,0,-0.19601496802082177,-0.12998809738673264,0,2,0,0,0,0,1,0,0,1,0,0
0.9835293265098626,1,-0.11106596724501448,1,0,-1.6664888794094965,-1.586337849031743,0,3,1,0,0,0,0,0,0,0,1,0
-0.47817576691175917,2,-1.5821567976271074,0,0,-0.8538585599578604,1.5092848114697281,0,2,1,0,0,0,0,0,0,0,0,1
-0.9013009255338076,1,0.374278511683482,1,0,-0.2347116498994711,0.7283436402977662,0,2,0,0,0,0,1,0,0,1,0,0
-1.6321534722446185,2,0.46488154168158474,1,0,-0.6603751505646137,-1.6637284155442797,0,1,1,0,0,0,0,0,0,0,0,0
1.0604611735320533,0,-0.20043331136014256,0,0,-1.5890955156521978,1.502249305423134,0,3,0,0,0,0,0,1,0,0,0,1
0.13727900926576578,0,0.26848495363897984,1,1,-0.6603751505646137,-0.9320357866984774,0,3,0,0,0,0,1,0,0,0,1,0
-0.5166416904228545,0,-0.3358397164709939,1,1,1.5453357165183983,-1.755189994150005,1,2,0,0,0,0,0,1,1,0,0,0
-1.0551646195781887,1,1.4092166193281548,1,0,1.6227290802756968,1.2630420998389293,0,2,0,0,1,0,0,0,0,0,0,0
-0.5743405756894975,2,-1.6038214458034206,0,0,0.19095185076567156,0.5594914951795041,0,2,0,0,1,0,0,0,0,0,0,0
0.15651197102131345,1,0.13266870622570673,1,1,0.5005253057948662,0.7353791463443604,0,3,1,0,0,0,0,0,1,0,0,0
-0.7282042697338786,2,0.4897972111766576,1,0,0.15225516888702223,1.1012254607672616,0,2,0,0,0,1,0,0,1,0,0,0
-0.8436020402671646,1,-1.0910900524752185,1,1,0.5392219876735156,-0.3480887848311545,1,2,0,0,0,0,1,0,0,0,0,0
-1.5552216252224278,1,0.6546210296972893,1,0,-1.4730054700162498,0.5735625072726926,0,1,0,0,0,0,0,0,0,0,0,1
0.906597479487672,0,0.5350715954401861,1,1,0.2683452145229702,0.33435530168848804,0,3,0,0,0,0,1,0,0,0,0,1
-0.3050791111118303,2,0.8848169299875531,1,1,1.1196722158532555,-0.7913256657665925,1,2,0,0,0,0,0,0,1,0,0,0
0.9258304412432197,2,1.2646895265032156,0,0,0.19095185076567156,0.3413908077350823,0,3,0,1,0,0,0,0,0,1,0,0
0.5411712061322665,1,-0.2424193137672148,0,0,1.1583688977319049,-1.4808052583328293,0,3,0,0,1,0,0,0,0,0,1,0
-0.7859031550005217,0,1.3218584998899066,1,0,-0.6990718324432631,-0.7631836415802155,0,2,0,0,1,0,0,0,0,1,0,0
-1.6898523575112614,2,-1.3749628677564416,0,0,-0.7377685143219125,-1.473769752286235,1,0,0,1,0,0,0,0,0,0,0,1
0.9642963647543149,1,0.6372338532313488,0,0,0.3844352601589182,-1.2134560285622475,1,3,0,0,0,1,0,0,0,0,0,0
0.5604041678878142,0,-0.5781584490668408,0,0,-0.8538585599578604,0.8971957854160283,1,3,0,0,0,0,1,0,0,1,0,0
-1.1897953518670223,1,-1.3273208136117316,1,0,-0.8925552418365098,0.7494501584375489,0,2,0,0,1,0,0,0,0,0,1,0
-0.4397098434006639,2,0.6511585100083941,0,0,1.6614257621543462,0.3413908077350823,1,2,1,0,0,0,0,0,1,0,0,0
-1.2090283136225701,2,0.7369634882416741,1,1,0.8100987608240608,-0.8476097141393465,0,2,0,0,1,0,0,0,0,0,0,0
1.3297226381097205,2,0.9814440648686565,1,0,0.07486180512972357,0.12329012029066044,0,3,1,0,0,0,0,0,1,0,0,0
-0.4204768816451162,1,-1.0970080068692076,1,0,-0.5442851049286658,-0.6787575690210844,0,2,1,0,0,0,0,0,1,0,0,0
1.1950919058208869,0,0.16184828101818888,1,0,1.0035821702173076,1.1293674849536386,0,3,0,0,0,1,0,0,0,0,0,0
-1.7283182810223567,2,0.070293140158007,1,0,0.4618286239162169,0.08811259005768918,0,0,0,0,1,0,0,0,1,0,0,0
1.348955599865268,1,1.6257500582057574,1,0,-0.04122824050622443,-1.1712429922826821,0,3,0,0,0,0,0,1,1,0,0,0
0.4450063973545283,1,1.092600174471036,1,0,1.506639034639749,1.312290642165089,0,3,0,0,0,0,1,0,0,0,0,1
-0.5935735374450452,1,-0.9688418430369481,1,0,-1.3569154243803017,-0.502869917856228,0,2,1,0,0,0,0,0,0,1,0,0
-1.2474942371336655,0,0.6628182710717768,1,0,1.3518523071251516,0.40471036215443057,0,2,0,0,0,0,1,0,0,0,1,0
1.0796941352876008,1,-0.1944010628710247,1,1,-0.5055884230500164,0.974586351928565,1,3,0,0,1,0,0,0,0,1,0,0
-0.8051361167560693,0,-0.9754130285649791,1,0,-1.0086452874724579,-1.586337849031743,1,2,0,0,1,0,0,0,0,0,1,0
0.7719667471988384,1,0.34848128385820487,1,1,-0.5442851049286658,1.2700776058855237,0,3,0,0,0,0,1,0,0,0,1,0
0.40654047384343295,2,-1.608117351163999,1,0,-0.9312519237151591,-0.1229525913401384,1,3,0,0,0,1,0,0,0,0,0,1
0.7142678619321955,0,-1.0237431209029955,1,0,0.9648854883386583,-0.5732249783221706,1,3,0,0,0,0,0,1,0,0,1,0
-0.4397098434006639,2,0.6937801439903052,1,0,-0.8538585599578604,1.1293674849536386,0,2,0,1,0,0,0,0,0,0,1,0
1.5797511409318399,2,1.6033397812961838,1,0,-1.2021286968657043,0.08811259005768918,0,3,0,0,0,0,1,0,0,0,0,1
1.4451204086430063,1,0.8450407043547142,1,0,0.2683452145229702,-0.9531423048382602,0,3,0,0,1,0,0,0,0,0,0,1
-1.0551646195781887,1,-0.05955675607696586,0,0,-1.047341969351107,-0.7561481355336211,0,2,0,0,0,0,1,0,0,0,0,1
1.522052255665197,1,-1.698102075383803,1,0,-0.2347116498994711,0.6720595919250122,0,3,1,0,0,0,0,0,0,1,0,0
1.0796941352876008,0,-0.6528992172517424,0,0,1.4292456708824501,0.16550315657022596,1,3,0,0,0,0,1,0,1,0,0,0
-1.7475512427779043,0,-0.39444636658589594,1,0,-1.1247353331084058,0.21475169889638573,0,0,0,1,0,0,0,0,0,0,0,0
-0.5743405756894975,1,0.4174264758976258,1,0,1.6614257621543462,-1.1782784983292762,0,2,0,0,0,0,1,0,0,0,0,0
-1.4975227399557849,2,0.5468133319628924,0,0,-1.1634320149870552,1.6570304384482075,1,1,0,1,0,0,0,0,0,0,0,0
-0.5166416904228545,0,-1.1009756462744116,1,0,-1.6277921975308471,1.6429594263550191,0,2,0,0,0,0,0,1,1,0,0,0
1.0989270970431486,0,-1.7043772775155366,1,0,1.7001224440329956,-1.5370893067055833,1,3,0,0,1,0,0,0,0,0,0,1
0.34884158857679,0,1.497524040136778,1,0,0.3844352601589182,-0.4817633997164453,1,3,0,0,0,0,1,0,0,0,0,1
1.464353370398554,0,-0.22525321407369248,0,0,-1.6277921975308471,1.3756101965844374,1,3,0,0,0,0,1,0,0,0,0,1
0.38730751208788533,2,-0.8648573180143347,1,0,1.2357622614892037,1.7133144868209615,1,3,0,0,1,0,0,0,0,0,1,0
-0.17044837882299668,1,1.0696429562823238,1,0,0.9261888064600089,0.8831247733228398,0,2,0,0,0,0,0,1,0,0,1,0
1.0412282117765055,0,0.48828207191363565,0,0,0.5779186695521649,0.9956928700683478,1,3,1,0,0,0,0,0,0,0,0,0
1.522052255665197,1,-1.6920409078311498,1,0,-0.8151618780792111,1.277113111932118,0,3,0,0,0,0,0,1,1,0,0,0
-1.5167557017113324,0,0.49866598187032524,1,0,-1.1634320149870552,-1.2908465950747843,0,1,0,0,0,1,0,0,0,0,1,0
-0.5935735374450452,1,0.5688310198312219,0,0,1.1970655796105543,-1.33305963135435,0,2,0,0,0,0,0,0,0,0,0,0
-1.651386434000166,1,0.08640136039273147,1,0,1.1970655796105543,0.3554618198282708,1,1,0,0,0,0,1,0,1,0,0,0
0.09881308575467047,0,1.474446617015196,1,0,0.2296485326443209,1.2911841240253064,1,3,0,0,0,0,1,0,0,0,0,0
0.23344381804350406,1,-1.4324844559695868,1,0,0.7714020789454116,-1.6496574034510914,0,3,0,0,0,0,1,0,0,0,1,0
0.15651197102131345,2,1.2882124593649538,1,0,-0.9312519237151591,0.29917777145551677,0,3,0,0,0,0,1,0,0,0,0,1
-0.8820679637782599,2,0.08547028480165494,1,0,1.5453357165183983,-0.09481056715376139,0,2,0,1,0,0,0,0,1,0,0,0
-1.151329428355927,0,0.34552974119068547,1,0,1.3518523071251516,-1.2134560285622475,1,2,1,0,0,0,0,0,0,1,0,0
-1.1705623901114748,1,-0.20511383093163033,1,0,0.2683452145229702,0.22882271098957424,0,2,0,0,0,0,1,0,0,0,1,0
0.6373360149100048,2,0.7853510378661368,1,0,-0.8925552418365098,-1.1431009680963051,1,3,0,1,0,0,0,0,0,0,0,0
-0.15121541706744904,1,-0.29802855325804595,0,0,1.6614257621543462,-0.19330765180608092,0,3,0,0,0,0,0,1,1,0,0,0
-0.24738022584518732,1,1.3497119231814945,1,0,-1.5503988337735484,-0.7068995932074614,1,2,0,0,0,0,1,0,0,0,0,1
-1.6706193957557138,0,0.273787837520607,1,0,-0.04122824050622443,-0.5591539662289821,0,0,1,0,0,0,0,0,0,1,0,0
-0.1319824553119014,2,0.017850511707067432,1,0,-0.8925552418365098,-0.6857930750676786,0,3,0,1,0,0,0,0,0,0,0,0
-1.2090283136225701,0,-0.4022381153019418,1,0,-0.2347116498994711,-1.2415980527486246,0,2,0,0,0,0,0,1,0,1,0,0
0.5027052826211712,2,0.5870745704106937,0,1,0.7714020789454116,0.4750654226203731,1,3,0,0,0,0,0,1,0,0,1,0
1.3681885616208158,0,0.19820347432271107,0,0,1.390548989003801,1.0871544486740732,0,3,0,0,1,0,0,0,0,0,0,1
0.7527337854432907,2,1.0295613135070902,0,0,0.7714020789454116,1.6711014505413961,1,3,0,0,0,0,0,1,0,1,0,0
0.9835293265098626,1,-1.5416039372519594,1,0,-1.6277921975308471,0.45395890448059034,0,3,0,1,0,0,0,0,0,0,0,0
0.2142108562879564,0,1.7062510366246613,1,0,-0.1186216042635231,1.2560065937923353,0,3,0,0,0,0,1,0,0,0,0,1
1.5989841026873877,1,-1.7046107170946538,0,0,0.8487954427027102,-0.9038937625121004,0,3,0,0,0,0,1,0,0,0,0,1
-1.7090853192668092,2,-1.3205866554068275,1,1,-1.1247353331084058,0.42581688029421333,0,0,0,0,0,0,0,0,0,0,0,1
-0.7282042697338786,0,-0.6523972108447191,1,0,-0.9699486055938085,-1.2978821011213786,0,2,0,1,0,0,0,0,0,1,0,0
-0.7089713079783311,0,0.6050144915169396,1,0,1.042278852095957,1.7344210049607443,0,2,0,1,0,0,0,0,0,0,0,1
0.9258304412432197,1,-0.6907064005537759,1,0,-1.1247353331084058,1.5937108840288592,1,3,0,1,0,0,0,0,0,0,0,0
-0.17044837882299668,2,-0.6191316264416911,1,0,-0.7377685143219125,1.284148617978712,0,2,0,0,0,0,0,0,1,0,0,0
0.13727900926576578,0,-0.6808375748317272,1,0,-1.0086452874724579,0.7213081342511719,0,3,1,0,0,0,0,0,1,0,0,0
-1.766784204533452,1,1.620452232055928,1,0,-1.511702151894899,-0.749112629487027,0,0,0,0,0,0,0,0,0,0,1,0
0.5219382443767189,0,1.5979138475952552,1,0,-1.6664888794094965,-0.6717220629744901,0,3,0,0,1,0,0,0,0,0,0,1
-0.9589998108004506,1,-0.1731642608753704,0,0,-0.3508016955354191,0.003686517498558149,0,2,0,1,0,0,0,0,1,0,0,0
0.09881308575467047,1,1.0416873806998272,1,0,0.30704189640161955,0.6861306040182007,1,3,0,0,0,0,1,0,0,0,1,0
-0.4589428051562115,0,-0.6167978512353729,1,0,1.1196722158532555,-1.1642074862360878,0,2,0,0,1,0,0,0,1,0,0,0
-0.17044837882299668,2,-1.0370958481074604,0,1,-0.3508016955354191,1.474107281236757,0,2,0,0,1,0,0,0,0,0,0,0
-0.6512724227116881,1,-0.9229835200561488,0,0,0.30704189640161955,0.45395890448059034,1,2,0,0,0,0,0,1,0,1,0,0
-0.5358746521784021,1,-1.6090377403200802,1,0,0.9648854883386583,0.29917777145551677,0,2,0,1,0,0,0,0,0,0,0,1
0.40654047384343295,0,0.9099522896306377,0,1,-1.2408253787443537,1.0871544486740732,0,3,0,0,0,1,0,0,0,0,0,0
-0.016584684778615452,1,-0.22725814810760864,1,0,-0.3508016955354191,-0.1510946155265154,0,3,0,0,0,0,1,0,1,0,0,0
-0.22814726408963965,2,-0.8713002464459604,1,0,1.0809755339746063,1.1223319789070443,0,2,0,1,0,0,0,0,0,1,0,0
-0.2858461493562826,0,1.1022199935490358,0,0,-0.2734083317781204,1.0590124244876962,0,2,0,0,1,0,0,0,1,0,0,0
-0.8436020402671646,2,0.31458851016896017,1,1,1.042278852095957,1.2911841240253064,0,2,0,0,0,0,1,0,0,0,0,0
0.04111420048802752,0,0.5613143130098386,1,0,-0.6990718324432631,0.7283436402977662,0,3,0,1,0,0,0,0,0,0,0,0
-1.1128635048448319,2,0.4229669331069162,1,1,0.9261888064600089,-0.6506155448347074,1,2,0,0,0,0,0,0,0,0,1,0
1.0989270970431486,2,0.019652844934229953,1,0,-0.7764651962005618,1.220829063559364,1,3,1,0,0,0,0,0,0,1,0,0
1.137393020554244,0,-0.9744122231004483,1,0,-0.04122824050622443,-1.6777994276374684,0,3,0,0,1,0,0,0,0,0,0,0
-1.382124969422499,1,0.7475027037280612,0,0,-0.8151618780792111,-0.17923663971289241,0,1,1,0,0,0,0,0,0,0,1,0
-0.8820679637782599,2,-0.07071561298037343,1,0,0.6553120333094635,-1.4526632341464523,0,2,0,0,1,0,0,0,0,0,0,1
-0.208914302334092,2,0.17925198471843723,1,1,-1.6664888794094965,-0.07370404901397863,1,2,1,0,0,0,0,0,0,0,0,1
-0.9013009255338076,1,1.3285069866181736,1,0,-1.511702151894899,-1.7762965122897878,1,2,0,1,0,0,0,0,0,0,0,1
-0.4397098434006639,0,1.5750092603065327,1,0,-1.3569154243803017,-0.3691953029709372,0,2,1,0,0,0,0,0,0,0,0,1
0.7911997089543861,1,0.16310168335962025,0,0,0.9261888064600089,-0.474727893669851,1,3,0,0,0,0,0,0,1,0,0,0
-0.49740872866730684,2,0.715373664308471,1,0,-1.511702151894899,1.7203499928675559,0,2,0,0,0,0,0,0,0,1,0,0
-1.7283182810223567,2,1.5091744386936594,0,0,-1.1634320149870552,1.6711014505413961,1,0,0,0,0,0,1,0,0,0,0,0
0.4834723208656236,2,0.49923773699331114,0,1,1.506639034639749,0.6790950979716064,0,3,1,0,0,0,0,0,0,0,0,1
1.5028192939096494,0,1.3898410092947435,0,0,-1.5503988337735484,1.2982196300719007,1,3,0,0,0,0,0,1,0,0,1,0
0.34884158857679,0,1.7362959820445658,1,0,0.8100987608240608,-0.833538702046158,0,3,0,0,1,0,0,0,0,0,0,1
1.1950919058208869,2,-0.20716045074935946,1,0,1.6614257621543462,1.1715805212332042,1,3,0,1,0,0,0,0,0,1,0,0
1.5989841026873877,2,-0.877000681153879,0,0,-1.395612106258951,0.03886404773152941,1,3,1,0,0,0,0,0,0,0,0,0
0.5027052826211712,1,-0.46169020465721294,1,0,0.8100987608240608,1.1997225454195812,1,3,0,1,0,0,0,0,0,1,0,0
-0.15121541706744904,0,0.8090496684496765,1,1,-0.5055884230500164,0.6439175677386352,0,3,0,1,0,0,0,0,1,0,0,0
1.1950919058208869,1,-0.7822989467608945,1,1,-0.38949837741406845,-0.19330765180608092,1,3,0,0,0,0,1,0,0,0,1,0
-0.49740872866730684,1,-1.3287445138787954,1,0,0.03616512325107423,-0.5239764359960108,0,2,0,0,0,0,1,0,0,0,0,0
1.5605181791762923,2,-1.2015710253007814,0,0,0.5005253057948662,-1.5511603187987717,0,3,0,0,0,0,0,0,0,0,0,1
1.021995250020958,1,1.7367564601314534,1,0,1.0809755339746063,-0.5732249783221706,1,3,0,0,0,0,0,0,0,0,1,0
1.464353370398554,1,-0.025806338128828564,1,0,-0.9312519237151591,-1.2134560285622475,0,3,0,0,0,1,0,0,1,0,0,0
-0.5166416904228545,0,-1.2609732969243888,1,0,-1.1634320149870552,1.0730834365808846,0,2,0,0,0,0,0,0,0,0,1,0
-0.208914302334092,2,-0.24203524768429274,1,1,-1.4730054700162498,1.3826457026310317,1,2,0,0,0,0,1,0,0,1,0,0
-0.5358746521784021,1,1.4501328232961042,1,0,1.1970655796105543,-0.7420771234404326,0,2,0,0,1,0,0,0,0,1,0,0
1.3874215233763634,1,1.1673850104765613,0,0,0.30704189640161955,-0.46769238762325677,0,3,0,0,0,0,0,1,0,0,0,1
1.5412852174207445,1,-0.5997076119061948,1,0,-0.2347116498994711,-0.277733724365212,0,3,0,1,0,0,0,0,0,0,0,0
0.04111420048802752,2,0.020357148064733033,1,0,-1.3569154243803017,0.4891364347135616,1,3,0,0,0,0,1,0,0,0,0,1
-0.1319824553119014,2,1.3410566238831219,1,0,-0.15731828614217244,-0.9742488229780429,1,3,0,0,0,0,1,0,0,0,1,0
-0.7474372314894263,2,0.3516854827358516,1,0,-0.9699486055938085,0.40471036215443057,0,2,0,0,0,0,0,1,0,0,0,0
-0.34354503462292557,1,-0.7361091518311563,1,0,-0.7764651962005618,-1.2415980527486246,1,2,0,0,1,0,0,0,1,0,0,0
1.5797511409318399,2,-0.7785959951408695,1,0,0.8874921245813595,-0.474727893669851,1,3,0,0,0,0,0,0,0,1,0,0
-0.035817646534163104,2,0.4158898567871441,1,0,-0.15731828614217244,1.44596525705038,1,3,0,1,0,0,0,0,1,0,0,0
-0.9013009255338076,2,-1.4648893635925757,1,0,1.7388191259116448,-0.5943314964619534,0,2,0,0,0,0,1,0,1,0,0,0
0.5988700913989096,2,-1.2646018168075448,0,0,-0.5055884230500164,1.586675377982265,1,3,0,0,0,0,0,1,1,0,0,0
-1.1897953518670223,0,-1.0530577678488633,1,0,0.9648854883386583,1.192687039372987,0,2,0,1,0,0,0,0,0,0,0,0
0.5796371296433619,2,-0.41730867458138104,1,0,1.2744589433678528,-1.5793023429851487,0,3,0,0,0,0,0,0,1,0,0,0
1.0027622882654104,2,-0.8286144680198506,1,0,-1.3569154243803017,-1.558195824845366,0,3,0,0,0,1,0,0,1,0,0,0
0.4450063973545283,1,0.8404836507728497,1,0,1.6227290802756968,-0.39733732715731424,0,3,1,0,0,0,0,0,0,1,0,0
-0.47817576691175917,0,-0.43971302983599303,1,1,-0.9699486055938085,-0.32698226669137176,0,2,1,0,0,0,0,0,0,0,1,0
1.6374500261984828,2,-1.699591840416337,1,0,0.42313194203756754,0.8479472430898685,1,3,0,1,0,0,0,0,0,0,1,0
-1.5936875487335231,0,1.000201373760143,0,1,-1.395612106258951,-0.7280061113472441,0,1,0,1,0,0,0,0,1,0,0,0
-0.5358746521784021,1,-0.7946165001655435,1,0,-1.4730054700162498,0.7916631947171144,0,2,0,1,0,0,0,0,1,0,0,0
-1.766784204533452,2,-1.296608902008257,1,0,-1.1634320149870552,-1.2345625467020303,0,0,0,0,0,0,0,0,0,0,0,1
0.6181030531544571,2,-0.21032670165141307,1,0,-0.19601496802082177,-1.6496574034510914,1,3,0,0,0,0,1,0,0,0,0,1
-0.11274949355635373,0,1.3757388610560914,0,1,-0.5055884230500164,1.2911841240253064,0,3,0,1,0,0,0,0,0,0,0,0
1.0796941352876008,0,-0.8094555502887041,0,0,-1.4343087881376004,1.0097638821615362,0,3,0,0,0,0,0,0,0,0,0,0
-0.9782327725559982,1,-1.4434584023892956,1,0,-0.582981786807315,-1.3260241253077556,0,2,0,0,0,1,0,0,0,0,0,0
-0.6320394609561404,1,-1.7410315649597325,0,0,-1.3569154243803017,-1.3963791857736982,0,2,0,0,0,0,1,0,0,1,0,0
-1.3436590459114037,2,0.7762361321862807,1,0,-1.2021286968657043,0.7916631947171144,1,1,0,1,0,0,0,0,0,0,1,0
-0.22814726408963965,1,0.7162432322674008,1,0,-1.0086452874724579,0.33435530168848804,0,2,0,0,0,0,1,0,0,0,0,1
1.3104896763541727,2,-0.013634155660382357,1,0,0.3457385782802689,-1.7200124639170338,0,3,0,0,1,0,0,0,0,1,0,0
-0.208914302334092,0,1.164441634792847,1,0,-0.4668917411713671,-1.4878407643794234,1,2,0,0,1,0,0,0,0,0,0,0
-1.093630543089284,2,-0.8008609387508785,1,0,0.15225516888702223,-0.7350416173938384,1,2,0,0,0,0,0,1,0,0,0,1
-0.22814726408963965,0,0.7998467338917364,1,1,-0.3508016955354191,-1.0727459076303625,0,2,1,0,0,0,0,0,1,0,0,0
0.27190974155459935,0,0.06879806794328983,0,0,-1.3182187425016525,-0.8687162322791292,0,3,0,0,0,0,0,1,0,0,0,0
1.1181600587986962,1,-1.4298094143085935,0,0,-1.0860386512297564,-0.5380474480891994,0,3,0,0,0,0,1,0,0,1,0,0
1.0027622882654104,2,0.3412623141534304,1,0,1.6614257621543462,-0.9742488229780429,0,3,1,0,0,0,0,0,0,0,0,1
1.4258874468874587,1,-0.8560402305822908,1,0,-1.0860386512297564,-0.08073955506057288,0,3,0,0,0,1,0,0,1,0,0,0
1.1950919058208869,1,-0.0852458511246113,1,0,1.3518523071251516,-1.0657104015837682,1,3,0,0,0,0,1,0,0,1,0,0
-1.0166986960670936,0,-1.4268304217237815,1,0,0.3844352601589182,-1.4245212099600753,0,2,0,0,0,0,0,1,0,0,0,0
1.5412852174207445,0,-0.7130983236972794,1,0,1.7001224440329956,1.5374268356561052,0,3,0,0,0,0,1,0,0,0,0,1
-1.0743975813337365,2,-0.5388492707035848,0,0,0.5779186695521649,-0.5802604843687649,0,2,0,0,0,0,0,1,0,0,0,0
0.7719667471988384,0,-0.2299314265326351,1,0,-0.9312519237151591,0.10218360215087768,1,3,0,0,0,0,0,0,1,0,0,0
0.8681315559765767,0,-0.2078960247025791,1,1,1.1583688977319049,-1.2345625467020303,0,3,0,0,1,0,0,0,0,0,0,1
0.13727900926576578,0,0.6180761935862619,1,1,-1.2021286968657043,-1.3541661494941326,0,3,0,0,0,0,1,0,0,0,1,0
-0.4204768816451162,1,-0.9410234864549067,1,0,-1.0086452874724579,-0.2284851820390522,1,2,0,0,0,0,0,1,0,0,0,0
1.3104896763541727,0,0.654112855836694,1,1,1.1970655796105543,0.306213277502111,0,3,1,0,0,0,0,0,0,1,0,0
-1.5744545869779756,1,-1.3571824015648513,0,1,-1.0086452874724579,0.33435530168848804,0,1,0,0,1,0,0,0,1,0,0,0
1.406654485131911,0,0.1438537331866783,0,1,-0.6216784686859644,-1.1642074862360878,0,3,1,0,0,0,0,0,0,1,0,0
0.5604041678878142,2,0.7209427260889176,1,0,1.5840323983970475,-1.1501364741428992,0,3,0,1,0,0,0,0,0,0,1,0
-0.3050791111118303,2,-0.628449357900342,0,0,-0.04122824050622443,-0.038526518781007366,0,2,0,0,0,0,1,0,0,0,1,0
1.348955599865268,2,-1.1683610364212973,1,0,-1.3569154243803017,1.248971087745741,1,3,0,0,0,1,0,0,0,0,0,1
-0.266613187600735,0,-0.5507290527876652,1,0,-0.5055884230500164,-1.5652313308919603,0,2,0,1,0,0,0,0,0,1,0,0
-1.5359886634668802,2,0.13342977832672262,1,0,1.4292456708824501,0.28510675936232827,0,1,0,0,0,0,0,0,0,0,0,0
-1.7283182810223567,0,-1.7271202377821528,1,1,1.0035821702173076,1.16454501518661,1,0,0,0,0,0,0,1,0,0,0,1
1.5797511409318399,1,1.1279499518189133,1,0,1.6614257621543462,1.6499949324016132,0,3,0,0,0,0,1,0,0,0,0,1
1.2335578293319822,0,0.7876144488536286,0,0,0.2296485326443209,-0.08073955506057288,0,3,0,0,0,0,0,0,0,0,0,0
1.3104896763541727,2,1.1871234182740233,1,0,-1.1247353331084058,-0.8124321839063752,1,3,0,0,1,0,0,0,1,0,0,0
1.5412852174207445,0,0.537919101329288,0,0,-0.8925552418365098,0.5665270012260983,1,3,0,0,0,0,1,0,1,0,0,0
-0.5551076139339498,0,-0.2894591533344936,1,0,0.8100987608240608,-0.9038937625121004,0,2,0,0,0,0,1,0,0,0,0,1
-0.824369078511617,2,0.47976601359391907,1,0,-0.2347116498994711,-1.2838110890281902,0,2,0,0,0,0,0,1,0,1,0,0
0.09881308575467047,0,-0.8857967814963602,1,0,-0.8925552418365098,-0.6154380146017361,0,3,0,0,0,0,0,1,0,0,1,0
-0.4589428051562115,1,-0.753438230479936,0,0,0.2683452145229702,1.340432666351466,1,2,0,0,0,0,1,0,0,0,0,1
-1.324426084155856,0,-0.11090960948011061,1,0,1.4292456708824501,-0.8265031959995637,0,1,0,0,0,0,0,0,0,1,0,0
-0.9013009255338076,2,1.5075339763973374,1,0,1.0809755339746063,-1.4526632341464523,0,2,0,0,0,0,0,1,0,0,1,0
-0.05505060828971076,0,-0.1641168737431636,0,0,0.2683452145229702,1.2067580514661753,1,3,0,0,0,0,1,0,0,1,0,0
1.5605181791762923,1,-1.157080012068763,1,0,0.30704189640161955,-1.2978821011213786,1,3,0,0,0,1,0,0,0,1,0,0
0.32960862682124237,1,1.5138243614517732,0,0,-0.582981786807315,-0.2284851820390522,0,3,0,1,0,0,0,0,0,0,0,0
0.04111420048802752,2,-0.28533813399806907,0,0,-1.4343087881376004,1.6499949324016132,0,3,1,0,0,0,0,0,0,0,1,0
-1.1128635048448319,0,-0.35222485858033475,1,0,-1.1247353331084058,-0.6154380146017361,0,2,0,0,0,0,0,1,0,0,0,0
-0.36277799637847324,2,0.040594544035276084,1,0,-1.1634320149870552,-1.2556690648418132,1,2,0,0,1,0,0,0,0,1,0,0
-1.266727198889213,2,-0.29794637877283026,0,0,0.15225516888702223,1.2137935575127696,0,2,0,0,0,0,1,0,1,0,0,0
0.32960862682124237,1,0.7975052331046297,0,0,1.4679423527610995,-0.17220113366629816,0,3,1,0,0,0,0,0,0,1,0,0
0.13727900926576578,1,-1.2405799897912562,1,0,1.1583688977319049,-1.5159827885658004,0,3,0,1,0,0,0,0,0,0,0,1
-0.016584684778615452,2,-0.0877025494972219,1,0,-0.04122824050622443,0.7986987007637087,1,3,1,0,0,0,0,0,1,0,0,0
-0.4204768816451162,1,0.8622523245305785,1,0,1.2744589433678528,1.16454501518661,0,2,0,0,0,0,1,0,0,0,0,0
-0.4589428051562115,2,0.6925475772738041,1,1,-0.5055884230500164,0.5665270012260983,0,2,0,1,0,0,0,0,0,1,0,0
-0.7474372314894263,0,-1.152453257227273,0,1,0.7327053970667622,1.6851724626345845,1,2,0,0,1,0,0,0,1,0,0,0
0.11804604751021813,0,1.0805453877180067,1,1,1.4292456708824501,-0.6084025085551419,0,3,0,1,0,0,0,0,0,1,0,0
0.733500823687743,1,1.7274492947854894,1,0,0.9648854883386583,-0.14405910947992115,0,3,0,1,0,0,0,0,0,0,1,0
-1.4782897782002373,2,-0.6946435095796475,1,1,0.2683452145229702,0.8057342068103029,0,1,0,1,0,0,0,0,1,0,0,0
-0.6512724227116881,0,1.7128171752823491,1,0,-1.3182187425016525,1.6148174021686421,0,2,0,0,0,0,0,1,0,0,1,0
-0.6128064992005927,0,-0.3423530843733589,1,0,0.5392219876735156,0.3132487835487053,1,2,0,0,1,0,0,0,0,1,0,0
-0.9205338872893553,0,-1.4972452523523003,1,0,-0.1186216042635231,-1.7622255001965994,0,2,1,0,0,0,0,0,1,0,0,0
-1.1897953518670223,2,-1.2057005937496457,1,1,-0.582981786807315,0.306213277502111,0,2,0,0,0,1,0,0,0,0,0,0
-0.5166416904228545,1,-1.0859099644537638,0,1,0.1135584870083729,1.361539184491249,0,2,0,1,0,0,0,0,0,0,0,1
-0.8820679637782599,2,0.5556335462060834,1,1,-0.1186216042635231,-1.7059414518238454,1,2,0,0,0,0,1,0,0,0,1,0
0.8873645177321243,1,-1.1388563369060505,0,0,0.6166153514308143,-1.5652313308919603,0,3,1,0,0,0,0,0,0,1,0,0
0.11804604751021813,1,0.19019791071010864,0,0,0.15225516888702223,-0.5802604843687649,0,3,0,1,0,0,0,0,0,0,0,1
0.06034716224357517,2,0.9303501658885759,1,0,0.6166153514308143,-0.6154380146017361,1,3,0,0,0,1,0,0,0,0,0,1
-0.17044837882299668,0,0.23185111541108916,1,0,0.6553120333094635,0.8198052189034915,0,2,0,1,0,0,0,0,1,0,0,0
1.0796941352876008,2,1.1802274811323301,1,1,-0.8151618780792111,-0.5521184601823879,1,3,0,0,0,0,0,1,0,1,0,0
-1.5359886634668802,2,0.210583286402662,1,1,0.8100987608240608,1.7203499928675559,0,1,0,0,0,0,1,0,0,0,0,0
1.3874215233763634,2,0.884951254857163,1,0,0.19095185076567156,-1.4315567160066693,0,3,0,0,0,0,0,1,0,0,0,0
1.3104896763541727,0,0.8721511397719992,1,0,1.5453357165183983,-1.3823081736805096,1,3,0,0,0,0,1,0,0,0,0,1
-0.40124391988956853,1,1.476135316531405,1,0,1.7388191259116448,0.7846276886705202,0,2,1,0,0,0,0,0,1,0,0,0
-1.4013579311780466,0,-0.07514364874994915,1,0,-0.4668917411713671,-1.1501364741428992,1,1,0,0,0,0,0,1,0,0,0,1
0.40654047384343295,2,0.56453912086187,1,0,-0.2734083317781204,0.1584676505236317,0,3,0,0,0,0,1,0,1,0,0,0
-0.5551076139339498,1,-1.0958407824274994,1,0,0.8874921245813595,1.1012254607672616,1,2,0,0,0,1,0,0,0,0,0,0
1.0027622882654104,0,1.4415205698654792,1,0,0.5005253057948662,-0.833538702046158,1,3,0,0,0,0,0,0,0,0,0,0
-1.2474942371336655,0,-0.16773630961488703,1,0,-1.6664888794094965,0.6298465556454467,0,2,0,0,0,0,1,0,0,0,0,1
-1.324426084155856,2,1.4543396905789754,1,0,-1.4730054700162498,1.5374268356561052,0,1,0,1,0,0,0,0,0,0,0,0
-0.9974657343115458,0,1.225938714625984,1,0,0.5779186695521649,-0.7350416173938384,0,2,0,1,0,0,0,0,0,0,0,1
-1.3051931224003084,0,-0.12058236319302307,1,0,1.506639034639749,-1.3119531132145672,1,2,0,1,0,0,0,0,0,0,0,0
-1.651386434000166,2,-1.6143776892592194,1,0,0.4618286239162169,0.9253378096024053,0,1,0,0,0,1,0,0,0,1,0,0
0.9835293265098626,1,1.155006533285558,1,0,1.6614257621543462,-1.361201655540727,0,3,0,0,0,0,1,0,0,0,0,0
0.3103756650656947,1,-0.22587138530401943,1,0,1.506639034639749,0.25696473517595125,1,3,0,1,0,0,0,0,0,1,0,0
-0.8820679637782599,1,-0.6903298335824338,1,1,0.8874921245813595,1.2560065937923353,0,2,0,1,0,0,0,0,0,0,1,0
0.1757449327768611,0,1.0017205132202047,0,0,0.3457385782802689,-1.1993850164690592,1,3,0,0,0,0,1,0,0,1,0,0
-1.7475512427779043,2,-0.9291860789208032,0,1,0.8487954427027102,-0.0033489885480361037,0,0,0,0,0,1,0,0,0,0,1,0
-0.24738022584518732,0,0.9511613766230717,1,1,-0.6603751505646137,0.20771619284979148,0,2,1,0,0,0,0,0,1,0,0,0
-0.6512724227116881,2,1.151673840042826,1,0,-0.8151618780792111,0.5172784588999386,0,2,0,0,0,1,0,0,0,0,0,0
-0.016584684778615452,2,-0.6565315114865111,1,0,-0.2347116498994711,1.5163203175163225,0,3,0,0,0,0,0,1,0,1,0,0
0.2142108562879564,2,0.4456685910469424,0,0,1.0809755339746063,-0.07370404901397863,1,3,0,0,1,0,0,0,0,1,0,0
1.137393020554244,1,0.6325990870865684,1,0,-1.3569154243803017,-0.29884024250499475,0,3,0,0,0,1,0,0,1,0,0,0
0.07958012399912283,0,-0.9076602599422381,1,0,1.3131556252465022,-0.5450829541357936,0,3,0,0,0,1,0,0,1,0,0,0
0.27190974155459935,1,-1.033081865293546,1,0,1.2357622614892037,-0.9812843290246372,1,3,0,1,0,0,0,0,0,0,0,1
1.3681885616208158,2,-0.7870476341749477,0,0,-1.5890955156521978,1.502249305423134,1,3,0,0,0,0,0,0,0,1,0,0
0.5411712061322665,2,1.2626374730655485,1,0,1.6227290802756968,0.862018255183057,0,3,0,1,0,0,0,0,0,0,0,0
-0.7089713079783311,2,-1.0578443093888688,1,0,-1.6664888794094965,1.0801189426274789,0,2,0,1,0,0,0,0,0,0,0,0
-0.5166416904228545,1,1.3954295883172467,1,1,0.8487954427027102,-1.0938524257701452,0,2,0,0,0,1,0,0,0,0,0,0
-1.4782897782002373,1,1.3987829189876058,1,0,-1.1247353331084058,0.7142726282045777,0,1,0,0,0,0,1,0,0,0,0,0
-1.4782897782002373,2,0.6849288294972445,0,1,-1.4730054700162498,-0.1088815792469499,0,1,0,1,0,0,0,0,0,0,1,0
-0.824369078511617,1,-0.9914765366443695,1,0,1.506639034639749,-1.1642074862360878,0,2,0,0,0,0,0,1,0,0,1,0
-0.766670193244974,2,-0.6759518674779323,1,0,-1.5890955156521978,-0.12998809738673264,1,2,0,0,0,0,0,1,0,0,0,1
-1.439823854689142,1,1.1852132373603725,1,0,-1.6664888794094965,0.5383849770397213,0,1,0,0,0,0,0,1,1,0,0,0
-1.4782897782002373,2,-0.46453473043747284,0,0,-0.6990718324432631,0.7635211705307374,1,1,0,0,0,0,0,0,0,1,0,0
1.3681885616208158,0,0.27425291283924297,1,0,1.6227290802756968,-1.1290299560031165,0,3,0,0,1,0,0,0,1,0,0,0
-1.151329428355927,1,1.1284576094366623,0,0,1.7388191259116448,-0.418443845297097,1,2,0,0,0,0,1,0,0,1,0,0
0.11804604751021813,0,0.5939355178927583,1,0,-0.3121050136567698,1.0308704003013192,0,3,0,0,0,0,1,0,0,1,0,0
0.7142678619321955,1,1.2953714482382293,1,0,-1.6277921975308471,1.1082609668138559,0,3,1,0,0,0,0,0,1,0,0,0
-1.3051931224003084,2,-1.2214069432569674,1,0,0.3844352601589182,0.890160279369434,0,2,0,0,0,1,0,0,1,0,0,0
0.9642963647543149,2,1.0445451082665773,1,0,0.3844352601589182,0.11625461424406619,1,3,1,0,0,0,0,0,0,1,0,0
1.406654485131911,2,0.61893657211831,1,1,1.0809755339746063,1.7273854989141502,1,3,0,1,0,0,0,0,0,1,0,0
-0.9589998108004506,0,-0.739899350326761,1,0,-1.4730054700162498,1.6992434747277732,0,2,1,0,0,0,0,0,0,0,0,1
1.2527907910875298,1,-0.9416527065324086,1,0,-0.3121050136567698,0.13736113238384895,1,3,1,0,0,0,0,0,0,0,0,0
1.464353370398554,2,-0.56649980701071,0,0,-0.04122824050622443,0.8479472430898685,0,3,0,0,0,0,1,0,0,0,1,0
0.38730751208788533,2,-1.176620035421899,0,1,0.8487954427027102,0.1584676505236317,1,3,0,0,0,1,0,0,0,0,0,1
1.522052255665197,1,1.0716602035476392,0,0,-0.0025315586275751,1.0941899547206673,1,3,0,0,0,0,0,1,1,0,0,0
-0.40124391988956853,0,1.381394686533357,1,0,0.8487954427027102,-1.5933733550783373,1,2,0,0,0,1,0,0,0,0,1,0
0.15651197102131345,2,-1.2860233714193188,1,0,-0.2734083317781204,1.7273854989141502,0,3,0,0,0,0,0,0,0,0,0,1
-0.18968134057854436,0,0.8109408236786861,1,0,0.30704189640161955,0.3554618198282708,0,2,0,0,0,0,0,1,0,0,0,0
0.848898594221029,0,0.7523419321796069,0,0,-0.8538585599578604,-0.24959170017883495,0,3,0,0,0,0,1,0,0,1,0,0
-0.8051361167560693,2,0.44707829592211157,1,0,1.3518523071251516,-0.4043728332039085,1,2,0,1,0,0,0,0,0,0,0,0
1.464353370398554,2,1.3870438914695327,0,0,-1.5503988337735484,1.4952137993765398,0,3,0,0,0,0,0,1,0,0,0,0
0.36807455033233766,1,-1.0039183705546735,0,0,-1.0086452874724579,-1.2415980527486246,0,3,0,0,0,0,1,0,0,0,0,1
1.2720237528430773,2,-0.5362219950547129,1,0,-1.4730054700162498,1.4881782933299454,1,3,0,0,0,0,0,1,0,1,0,0
1.5605181791762923,2,-1.7411895905711472,1,0,-1.395612106258951,0.5383849770397213,1,3,0,0,0,0,0,1,0,1,0,0
1.2912567145986251,1,-0.35751289094796596,0,0,0.6166153514308143,-1.6777994276374684,0,3,0,0,0,0,0,0,0,0,0,0
-1.3436590459114037,0,1.2713710612633893,1,0,0.7327053970667622,-0.32698226669137176,0,1,0,0,0,0,0,0,0,0,0,1
1.137393020554244,0,0.3045987020223902,1,1,-1.1634320149870552,0.46802991657377885,1,3,0,0,0,0,0,0,1,0,0,0
-1.1705623901114748,0,0.06534327306242114,1,0,0.9648854883386583,-1.1360654620497108,0,2,0,0,1,0,0,0,1,0,0,0
-1.1320964666003794,0,-0.8363768679613084,0,0,1.2744589433678528,-1.4667342462396407,0,2,0,1,0,0,0,0,0,0,1,0
-0.11274949355635373,0,0.35105020555315447,1,1,1.6614257621543462,-0.9320357866984774,0,3,0,0,0,0,0,1,0,0,0,1
0.5411712061322665,0,0.018503652469035927,1,0,-0.7764651962005618,-0.12998809738673264,0,3,0,0,0,1,0,0,0,0,0,0
1.348955599865268,1,-1.4839259111038021,1,0,1.3131556252465022,0.5454204830863156,0,3,0,0,0,0,1,0,1,0,0,0
0.15651197102131345,2,-0.34791330945949395,1,1,-0.19601496802082177,-1.0657104015837682,1,3,0,0,0,0,0,0,0,0,0,0
1.348955599865268,0,0.9634065819116867,1,0,-0.8538585599578604,-1.3119531132145672,0,3,0,0,0,0,0,0,0,0,0,0
1.0989270970431486,0,-1.3694973132246382,0,0,0.03616512325107423,-0.2636627122720235,1,3,0,1,0,0,0,0,0,0,0,0
1.6374500261984828,2,-0.04841095554187817,0,0,1.3518523071251516,-0.010384494594630356,1,3,0,0,0,0,0,0,0,0,0,0
-0.5551076139339498,2,0.5486063419013304,1,0,0.8487954427027102,0.46802991657377885,0,2,0,0,1,0,0,0,0,0,0,0
-0.17044837882299668,0,-1.43123179670768,1,1,0.8874921245813595,0.7846276886705202,0,2,0,0,1,0,0,0,1,0,0,0
1.464353370398554,1,-0.0043607151013877144,0,0,1.6614257621543462,1.6007463900754535,0,3,0,0,0,0,1,0,0,0,1,0
1.5605181791762923,1,1.180938735449121,1,0,-1.0086452874724579,-0.7280061113472441,0,3,0,0,0,0,0,1,0,0,0,0
1.0412282117765055,0,0.11317082555532328,1,0,0.3457385782802689,-1.4948762704260177,0,3,0,0,0,0,1,0,0,1,0,0
-0.32431207286737795,2,-1.1377301916504567,1,0,0.03616512325107423,1.1293674849536386,0,2,0,0,1,0,0,0,0,0,1,0
1.1566259823097915,1,0.8609977203533271,1,1,1.4292456708824501,0.5454204830863156,0,3,0,0,0,0,0,0,0,0,0,1
-1.6321534722446185,1,0.03534822299482382,0,0,0.7327053970667622,-0.7561481355336211,0,1,0,0,0,0,0,0,0,1,0,0
-0.3820109581340209,1,-1.2696812636528254,1,0,-0.5055884230500164,0.33435530168848804,1,2,0,1,0,0,0,0,1,0,0,0
-0.7859031550005217,0,0.9151776435037782,0,0,1.4292456708824501,1.5374268356561052,0,2,0,0,0,0,1,0,1,0,0,0
-0.6897383462227834,1,1.6804950779451244,1,0,0.7327053970667622,-0.20034315785267517,0,2,0,0,0,0,0,1,0,0,0,1
0.002648276976932204,1,-1.2931104679032164,1,1,0.4618286239162169,-1.0657104015837682,0,3,0,1,0,0,0,0,0,1,0,0
1.2143248675764344,2,-1.6272110962810464,1,0,0.2296485326443209,-1.3682371615873212,0,3,0,0,0,0,0,1,1,0,0,0
1.0796941352876008,0,-1.0797087907224046,1,0,0.6940087151881129,0.9042312914626225,1,3,0,1,0,0,0,0,0,0,0,1
0.38730751208788533,0,1.1237853149620234,0,0,0.30704189640161955,-0.6013670025085476,0,3,0,0,0,0,1,0,0,1,0,0
-1.612920510489071,1,0.2887732689082513,1,0,-1.047341969351107,0.7705566765773317,0,1,1,0,0,0,0,0,1,0,0,0
0.7911997089543861,1,1.6596279032324108,1,0,-0.1186216042635231,-0.5450829541357936,0,3,0,0,0,0,0,1,0,1,0,0
-1.5744545869779756,1,-0.2594205773893216,1,0,1.0809755339746063,0.13736113238384895,1,1,0,1,0,0,0,0,1,0,0,0
-0.1319824553119014,2,-1.4916456275031025,0,1,0.6166153514308143,-1.4667342462396407,0,3,0,1,0,0,0,0,0,1,0,0
-1.151329428355927,1,0.4562206694416246,1,1,1.2357622614892037,1.192687039372987,0,2,0,0,0,0,1,0,0,1,0,0
0.1757449327768611,0,1.0652460832854338,1,0,-1.5890955156521978,0.15143214447703746,1,3,0,0,0,0,0,1,1,0,0,0
-0.8051361167560693,2,-0.354254473624267,0,0,-0.07992492238487377,-1.1431009680963051,0,2,1,0,0,0,0,0,0,0,1,0
-1.2859601606447606,1,0.18108911707478553,1,0,1.7388191259116448,0.5383849770397213,0,2,0,1,0,0,0,0,0,1,0,0
-1.1705623901114748,2,0.7002045344148145,1,1,0.6940087151881129,0.28510675936232827,0,2,0,1,0,0,0,0,1,0,0,0
-0.22814726408963965,0,0.009467733393629755,1,0,-1.1634320149870552,0.7986987007637087,1,2,0,1,0,0,0,0,0,0,1,0
-1.1320964666003794,2,-0.908045922716889,1,0,0.8487954427027102,1.6288884142618305,0,2,0,1,0,0,0,0,1,0,0,0
-0.5166416904228545,0,-1.737247021619465,0,0,0.3457385782802689,0.18660967471000872,1,2,0,0,0,0,1,0,1,0,0,0
1.5412852174207445,1,0.4385827292751045,1,0,0.4618286239162169,-0.5732249783221706,0,3,0,1,0,0,0,0,1,0,0,0
1.3297226381097205,1,0.7729402444971437,1,0,0.4618286239162169,1.6640659444948018,1,3,0,1,0,0,0,0,0,0,0,0
1.6566829879540306,0,-0.24982976185434025,1,0,-0.4281950592927178,1.5796398719356708,0,3,0,0,0,0,0,1,0,0,0,1
0.7719667471988384,2,0.5839433676475109,1,0,0.5005253057948662,-1.586337849031743,1,3,0,1,0,0,0,0,0,0,1,0
-0.47817576691175917,1,1.1120689800743462,0,0,1.4292456708824501,-1.6355863913579027,0,2,0,0,1,0,0,0,0,0,0,0
0.8296656324654814,0,-1.3300112077048365,1,0,-1.5503988337735484,1.0379059063479132,1,3,0,0,0,0,1,0,1,0,0,0
-0.7474372314894263,2,-1.0971091098572214,1,0,0.3844352601589182,-0.06666854296738438,1,2,0,0,0,0,0,1,0,0,0,0
-0.11274949355635373,2,0.8857536738390612,1,0,0.2683452145229702,1.2137935575127696,0,3,0,0,0,0,1,0,0,1,0,0
1.5989841026873877,2,-1.360583158741871,1,0,0.9648854883386583,-0.18627214575948667,0,3,0,1,0,0,0,0,0,1,0,0
1.5028192939096494,2,-0.6351004576313826,1,0,-0.6603751505646137,1.586675377982265,0,3,0,0,0,0,0,1,0,0,0,0
1.5797511409318399,0,1.3264918695152796,1,0,-0.4668917411713671,0.7986987007637087,0,3,0,1,0,0,0,0,1,0,0,0
-0.34354503462292557,2,-0.8290467155184613,0,0,1.1970655796105543,0.25696473517595125,0,2,0,0,0,0,0,0,0,0,1,0
-1.7475512427779043,1,0.36290617789910695,1,1,-1.511702151894899,1.558533353795888,1,0,0,1,0,0,0,0,0,0,1,0
0.5988700913989096,1,-1.3247200325944934,1,0,-1.4343087881376004,0.4328523863408076,1,3,0,0,0,0,1,0,0,0,0,0
1.3297226381097205,1,0.8040376607274637,1,0,1.042278852095957,-1.6777994276374684,0,3,0,0,0,0,1,0,0,1,0,0
-0.49740872866730684,1,-1.2110716797519765,0,0,0.8100987608240608,0.43988789238740184,0,2,0,0,0,0,1,0,1,0,0,0
-0.9397668490449029,1,-0.5024201616817047,0,0,0.8100987608240608,-0.4325148573902855,0,2,0,0,1,0,0,0,1,0,0,0
-1.651386434000166,1,1.211940002301826,0,0,-0.3121050136567698,0.306213277502111,0,1,0,0,0,0,0,1,0,1,0,0
-1.7090853192668092,1,1.358358682950922,1,0,-0.9312519237151591,0.5735625072726926,1,0,0,0,0,1,0,0,0,0,0,0
-1.766784204533452,1,-1.5976202209401378,1,0,1.0809755339746063,0.8057342068103029,0,0,0,1,0,0,0,0,0,0,1,0
-1.6321534722446185,1,0.827633674626005,0,0,-1.6277921975308471,1.4248587389105971,0,1,0,1,0,0,0,0,1,0,0,0
-0.8436020402671646,0,-1.1874261245919708,1,0,-1.6277921975308471,-0.6646865569278959,1,2,0,0,0,0,0,1,1,0,0,0
-0.7089713079783311,1,-0.42102451526761286,0,0,-0.3508016955354191,-0.8124321839063752,1,2,0,1,0,0,0,0,1,0,0,0
-1.3051931224003084,1,1.5472641196636603,1,0,-1.2408253787443537,0.045899553778123665,0,2,0,1,0,0,0,0,0,0,0,1
-1.4590568164446895,1,-0.7559979986871856,0,1,1.042278852095957,1.2137935575127696,0,1,0,0,0,1,0,0,0,0,0,0
1.348955599865268,0,-1.628693309951325,1,0,0.7714020789454116,-0.502869917856228,1,3,0,1,0,0,0,0,0,0,0,1
-1.1705623901114748,0,0.37072943225755095,0,0,0.30704189640161955,0.37656833796805356,0,2,0,0,0,0,1,0,0,0,0,1
-0.8436020402671646,1,1.0868470835499486,1,1,0.9648854883386583,1.0730834365808846,0,2,0,1,0,0,0,0,1,0,0,0
-0.24738022584518732,2,-0.8262780859924482,1,1,-0.38949837741406845,0.10921910819747194,1,2,0,0,0,0,0,1,0,1,0,0
0.13727900926576578,2,-0.15045315328601414,1,0,-1.047341969351107,-1.7129769578704395,0,3,0,0,0,0,0,0,1,0,0,0
-1.7283182810223567,0,-1.3943661866928565,1,0,1.6227290802756968,-0.5661894722755764,1,0,0,0,0,0,0,1,0,1,0,0
-0.11274949355635373,2,0.2192816812415347,0,0,-1.3182187425016525,-0.6857930750676786,0,3,0,0,0,1,0,0,0,0,1,0
0.733500823687743,2,-0.04823825696455996,1,0,0.2683452145229702,-0.059633036920790125,1,3,0,1,0,0,0,0,1,0,0,0
-0.208914302334092,2,0.5537853666752514,0,1,1.1583688977319049,-1.4948762704260177,0,2,0,0,0,0,1,0,0,0,1,0
-1.7283182810223567,1,-0.18887136408849586,0,0,0.8100987608240608,1.1223319789070443,1,0,0,0,0,0,1,0,0,0,0,1
-0.18968134057854436,0,-1.381947196592998,1,0,-0.38949837741406845,-0.1510946155265154,1,2,0,1,0,0,0,0,0,1,0,0
-0.8436020402671646,1,-1.5148137069164977,1,0,1.1583688977319049,0.4328523863408076,1,2,0,0,0,0,0,0,0,0,1,0
1.0412282117765055,0,0.2323475199820026,1,0,0.8487954427027102,1.361539184491249,0,3,0,1,0,0,0,0,1,0,0,0
-0.11274949355635373,2,0.7781493466187753,1,1,1.4292456708824501,-0.7983611718131867,1,3,0,0,0,0,0,1,0,0,0,1
0.38730751208788533,2,-0.7518775029866739,1,0,0.9261888064600089,0.6509530737852294,0,3,0,0,0,0,0,1,0,0,0,1
0.5219382443767189,1,-1.5112827255600134,1,0,0.4618286239162169,-1.7411189820568165,0,3,0,0,0,0,0,1,0,0,0,1
-0.11274949355635373,0,1.3513781706193242,1,0,-0.04122824050622443,1.6007463900754535,0,3,0,0,1,0,0,0,0,0,0,1
1.5605181791762923,0,0.4482574942343908,1,0,1.7388191259116448,1.6499949324016132,0,3,0,1,0,0,0,0,0,0,1,0
-0.09351653180080607,0,-1.7065103644631303,1,0,-0.4281950592927178,-0.6857930750676786,0,3,0,0,0,0,1,0,0,0,0,0
-1.3436590459114037,0,-0.7514181883867022,0,0,-1.395612106258951,-0.9179647746052889,0,1,0,0,0,0,1,0,0,0,1,0
-1.382124969422499,1,1.573034903417745,0,0,0.15225516888702223,1.1152964728604502,1,1,0,1,0,0,0,0,0,0,0,0
0.6373360149100048,2,1.3993421856887198,1,1,0.19095185076567156,1.6077818961220478,1,3,0,0,0,0,1,0,0,0,0,0
-0.1319824553119014,2,0.1190140672968511,1,0,0.8487954427027102,0.4328523863408076,1,3,0,1,0,0,0,0,0,0,1,0
-1.7090853192668092,0,1.6428469581818788,1,1,1.0035821702173076,-0.805396677859781,0,0,0,1,0,0,0,0,0,1,0,0
-1.4975227399557849,2,0.6222445976359192,1,0,-0.8925552418365098,1.6148174021686421,0,1,1,0,0,0,0,0,0,0,0,1
-1.651386434000166,2,1.2333676379587308,1,0,1.042278852095957,-0.777254653673404,1,1,1,0,0,0,0,0,0,0,1,0
-1.651386434000166,1,-0.0737545035398021,1,0,-1.4730054700162498,1.558533353795888,0,1,0,0,0,0,0,0,0,1,0,0
0.15651197102131345,1,1.2135951003987928,1,0,-0.2347116498994711,1.7273854989141502,0,3,0,0,0,0,0,1,0,0,0,0
1.0796941352876008,1,1.599433281912995,1,0,-1.1247353331084058,1.4389297510037857,0,3,0,0,0,0,1,0,1,0,0,0
1.0604611735320533,0,0.02894236841675003,0,0,-0.38949837741406845,1.1434384970468272,0,3,0,0,0,0,1,0,0,0,0,0
1.5028192939096494,0,0.41197855915695836,0,1,-0.6216784686859644,-0.6646865569278959,1,3,0,1,0,0,0,0,0,1,0,0
0.5027052826211712,1,-0.9061717692198545,1,0,0.2683452145229702,-1.558195824845366,0,3,0,0,0,0,0,1,0,0,0,1
-0.6705053844672357,2,-0.7827536230798993,0,0,-0.38949837741406845,1.1293674849536386,0,2,0,0,0,0,1,0,0,0,0,0
1.3874215233763634,2,0.5659183210877263,1,0,-0.582981786807315,1.192687039372987,0,3,0,0,0,0,1,0,0,0,0,1
-0.4397098434006639,1,-0.30658279523593546,1,1,-1.047341969351107,-0.8124321839063752,0,2,0,0,0,0,1,0,0,1,0,0
0.8873645177321243,2,1.7251960665756767,0,0,-1.5890955156521978,0.8690537612296513,0,3,0,1,0,0,0,0,1,0,0,0
0.9835293265098626,0,-0.19441030603667808,0,0,0.3844352601589182,-1.501911776472612,0,3,0,0,0,0,0,1,0,1,0,0
0.36807455033233766,0,1.077669919119158,0,0,-1.0086452874724579,-1.1501364741428992,1,3,0,0,0,1,0,0,0,0,0,1
1.137393020554244,1,-0.41737444281406777,1,0,-0.2347116498994711,1.4952137993765398,0,3,0,0,0,0,0,1,0,1,0,0
1.3104896763541727,2,-0.5153322294666517,1,0,-1.1634320149870552,0.5735625072726926,0,3,0,0,0,0,1,0,0,0,1,0
-1.4590568164446895,0,-1.0774510795174164,1,0,-0.07992492238487377,-0.6295090266949246,0,1,0,0,0,1,0,0,0,0,0,1
1.464353370398554,2,-1.6971424497901693,1,0,-0.582981786807315,1.6007463900754535,0,3,0,1,0,0,0,0,0,0,0,0
0.6373360149100048,0,0.6034046677299664,1,0,-0.5442851049286658,-1.0938524257701452,1,3,0,0,0,0,0,1,0,0,0,1
-1.2090283136225701,0,1.1835141120873813,0,0,-0.9312519237151591,1.0871544486740732,0,2,0,0,0,0,1,0,0,1,0,0
1.1950919058208869,1,-0.5450236228032014,1,0,0.42313194203756754,0.7986987007637087,0,3,0,1,0,0,0,0,0,0,0,1
0.5604041678878142,0,1.234186378377229,1,0,-0.07992492238487377,0.010722023545152401,0,3,0,0,0,0,1,0,0,0,0,0
0.7142678619321955,2,0.27815382296599084,1,0,1.3518523071251516,-1.1008879318167395,0,3,1,0,0,0,0,0,1,0,0,0
0.2142108562879564,0,-0.3796631531366351,0,0,0.8487954427027102,1.7133144868209615,0,3,0,0,0,0,0,0,1,0,0,0
-1.3051931224003084,1,0.5252256870530972,0,0,0.4618286239162169,0.9886573640217535,1,2,1,0,0,0,0,0,1,0,0,0
1.0412282117765055,0,-0.8378022584610264,1,0,-1.5890955156521978,-1.530053800658989,0,3,0,0,0,0,1,0,1,0,0,0
-1.5552216252224278,0,-1.0581268387388192,0,1,-0.3121050136567698,1.1856515333263926,0,1,0,0,0,0,0,0,0,0,0,1
-1.266727198889213,1,1.2994447346870208,1,0,0.42313194203756754,-0.21441416994586368,0,2,0,0,0,1,0,0,0,0,1,0
0.15651197102131345,2,-1.5977278739408118,0,0,1.0035821702173076,1.5655688598424822,0,3,1,0,0,0,0,0,0,0,0,0
1.522052255665197,2,-0.10133860781270568,1,0,-0.1186216042635231,-1.755189994150005,1,3,0,1,0,0,0,0,1,0,0,0
0.6758019384211001,2,-1.5497759066339305,0,0,0.8100987608240608,1.5374268356561052,0,3,0,0,0,0,1,0,1,0,0,0
1.2527907910875298,1,-0.5833061379767907,0,0,0.3457385782802689,-1.0164618592576085,1,3,0,1,0,0,0,0,0,0,0,1
-0.9974657343115458,1,-0.31047335255894754,1,0,-0.3508016955354191,-1.3682371615873212,0,2,1,0,0,0,0,0,0,0,0,0
0.4642393591100759,0,-0.17743186876227604,0,0,-1.0086452874724579,-1.4526632341464523,0,3,0,0,0,0,1,0,0,0,1,0
-1.6706193957557138,1,-0.01937382606438064,1,0,-1.0086452874724579,0.20771619284979148,0,0,0,0,0,0,0,1,0,0,1,0
0.848898594221029,2,0.39600784324039817,1,1,-0.38949837741406845,-0.3480887848311545,0,3,0,0,0,0,1,0,0,0,1,0
0.9258304412432197,1,-0.5628713800094213,1,0,1.7388191259116448,0.9394088216955938,0,3,0,0,1,0,0,0,0,0,1,0
-1.4975227399557849,2,0.21386837952830098,0,0,-1.6277921975308471,1.0027283761149421,0,1,0,1,0,0,0,0,0,0,1,0
-1.4590568164446895,1,-1.0313772642485628,0,0,-0.7764651962005618,-1.5793023429851487,1,1,0,0,0,0,0,1,0,0,0,0
-0.6897383462227834,2,0.34792639994115654,0,0,-0.5055884230500164,-0.6998640871608671,0,2,0,1,0,0,0,0,0,0,0,1
-1.5359886634668802,0,-0.7405045878741463,1,0,-0.7764651962005618,-0.3480887848311545,0,1,0,0,1,0,0,0,0,1,0,0
-0.09351653180080607,2,-1.411035127622642,1,0,0.9648854883386583,0.45395890448059034,0,3,0,0,0,0,0,1,0,1,0,0
1.0412282117765055,0,-1.4000438682528293,0,0,-0.8538585599578604,-0.334017772737966,1,3,0,0,0,0,0,0,0,0,0,0
-1.5936875487335231,0,0.4783012253272631,1,0,1.2357622614892037,-0.8968582564655062,0,1,0,0,0,0,1,0,0,0,0,1
0.7911997089543861,1,1.5350517820798657,0,0,-1.3182187425016525,0.3976748561078363,1,3,0,0,1,0,0,0,0,1,0,0
1.0796941352876008,1,-0.836507461539373,1,0,1.1196722158532555,0.11625461424406619,0,3,0,0,0,0,0,1,1,0,0,0
0.15651197102131345,2,-0.23054552763100733,1,0,-0.07992492238487377,-0.5099054239028223,0,3,0,0,1,0,0,0,0,0,0,0
-0.05505060828971076,0,-0.05234857334258577,1,0,-0.9699486055938085,-0.3480887848311545,0,3,0,1,0,0,0,0,0,0,0,0
1.6374500261984828,0,-1.4372562875873696,1,1,-0.3508016955354191,1.0167993882081305,1,3,0,0,1,0,0,0,0,0,0,0
0.9642963647543149,1,-1.5052139255273564,1,0,-0.5442851049286658,-1.058674895537174,0,3,0,0,1,0,0,0,0,0,1,0
0.23344381804350406,1,-0.41270835492613217,1,0,-0.5442851049286658,1.0449414123945076,0,3,1,0,0,0,0,0,1,0,0,0
-1.2090283136225701,0,-1.06926414211609,0,0,-0.1186216042635231,-1.3541661494941326,0,2,0,0,0,1,0,0,0,0,1,0
-0.266613187600735,0,-0.004291206463321709,1,0,1.390548989003801,1.3193261482116834,0,2,0,0,0,0,0,0,0,0,0,0
1.0412282117765055,0,0.9887397377978416,1,0,1.2357622614892037,1.0379059063479132,0,3,0,0,0,0,0,1,0,0,1,0
-1.3436590459114037,2,-1.2207621837979965,0,0,1.1583688977319049,1.558533353795888,0,1,0,1,0,0,0,0,1,0,0,0
0.5027052826211712,0,-1.0752216773707661,0,0,1.2744589433678528,-0.6224735206483304,0,3,0,0,0,0,0,0,0,0,0,1
0.733500823687743,0,1.4061086863066088,1,0,1.0809755339746063,-0.7068995932074614,0,3,1,0,0,0,0,0,0,0,0,1
0.15651197102131345,0,-1.4102595025653806,1,0,-0.07992492238487377,0.6087400375056639,1,3,0,0,0,0,1,0,0,0,0,0
-1.3628920076669513,0,-1.476859081383558,1,1,-0.4668917411713671,-0.10184607320035564,0,1,0,1,0,0,0,0,0,0,1,0
-1.766784204533452,1,1.5460746449946074,1,0,-0.7764651962005618,0.17957416866341447,0,0,0,1,0,0,0,0,0,1,0,0
0.23344381804350406,0,1.6043775833795622,1,0,0.4618286239162169,-0.6506155448347074,0,3,0,0,0,0,0,0,0,0,0,1
-0.6128064992005927,1,1.2156039134569496,0,0,-0.582981786807315,0.946444327742188,0,2,0,0,0,1,0,0,0,0,0,1
1.1566259823097915,0,0.7515331827910191,0,0,1.1196722158532555,0.5454204830863156,1,3,0,1,0,0,0,0,0,0,0,1
1.464353370398554,2,0.8131375420947194,1,0,-0.7764651962005618,1.136402991000233,0,3,0,0,0,1,0,0,0,0,0,0
-0.09351653180080607,0,0.00475118454261674,1,0,0.15225516888702223,-0.07370404901397863,1,3,0,0,1,0,0,0,0,0,1,0
0.15651197102131345,0,-0.6103908953016363,1,0,-1.2021286968657043,1.3545036784446547,0,3,0,0,0,0,1,0,1,0,0,0
-0.6128064992005927,1,1.4782557393182765,0,0,0.5779186695521649,0.17957416866341447,0,2,0,0,0,0,1,0,1,0,0,0
0.8873645177321243,2,-1.7204281524777398,1,1,1.3518523071251516,0.7564856644841432,0,3,0,0,0,0,0,1,0,0,1,0
-0.18968134057854436,1,-0.9332076618825577,1,0,-0.2734083317781204,-1.0797814136769568,1,2,0,0,0,0,0,1,0,1,0,0
-1.651386434000166,2,-0.03354115690457922,1,0,-1.4730054700162498,0.890160279369434,0,1,0,0,1,0,0,0,0,0,0,0
-1.2474942371336655,1,1.3012381127540584,1,0,-0.6603751505646137,0.4117458682010248,0,2,0,0,0,1,0,0,0,1,0,0
0.8681315559765767,0,0.7810374021027562,1,0,1.6614257621543462,0.862018255183057,0,3,0,0,0,0,1,0,0,0,0,1
-0.1319824553119014,1,1.1039310727877427,1,0,-0.1186216042635231,-1.4878407643794234,0,3,0,1,0,0,0,0,0,1,0,0
1.137393020554244,0,-1.5306362344821092,1,0,-0.8538585599578604,1.6359239203084248,1,3,0,0,0,0,1,0,0,1,0,0
0.1757449327768611,1,-0.017031786876186852,0,1,0.2296485326443209,-1.4104501978668866,0,3,0,0,0,0,1,0,0,1,0,0
0.1757449327768611,2,1.058985646092405,1,0,0.5392219876735156,1.1434384970468272,0,3,0,1,0,0,0,0,0,1,0,0
-1.7475512427779043,0,-0.1709194622775623,0,0,1.7388191259116448,1.361539184491249,1,0,0,0,1,0,0,0,0,0,1,0
1.5797511409318399,1,-0.06723369346719349,0,0,0.6166153514308143,-0.11591708529354415,0,3,0,0,0,0,1,0,0,0,0,1
0.5604041678878142,0,0.2384261360250438,1,0,0.03616512325107423,-1.2204915346088419,0,3,0,0,0,0,1,0,0,1,0,0
0.002648276976932204,1,1.2553613303492377,0,1,-1.5503988337735484,-0.6646865569278959,1,3,0,0,0,0,0,1,0,0,1,0
1.175858944065339,2,0.07499039582735903,0,1,-0.9312519237151591,1.6570304384482075,0,3,0,0,0,0,0,0,0,0,0,0
0.1757449327768611,2,-1.706031599089447,1,0,-1.511702151894899,-1.1571719801894935,0,3,0,0,0,0,1,0,0,0,0,1
-0.11274949355635373,0,-0.9323982913416616,1,0,1.042278852095957,-0.277733724365212,0,3,0,0,0,0,1,0,0,0,0,0
0.09881308575467047,2,1.2913489234459112,1,0,-1.047341969351107,0.9675508458819708,0,3,0,1,0,0,0,0,0,0,0,1
-1.4590568164446895,1,0.8903537703967844,1,0,-0.15731828614217244,0.010722023545152401,1,1,0,0,0,0,1,0,0,0,0,0
-1.6898523575112614,1,-1.1039767798423452,0,0,1.6227290802756968,-1.2556690648418132,1,0,0,0,0,0,0,1,1,0,0,0
-0.11274949355635373,2,0.11403404547960731,0,0,1.1196722158532555,-0.27069821831861773,1,3,0,1,0,0,0,0,0,0,0,0
-1.0743975813337365,0,0.020554914754091488,1,1,1.0809755339746063,0.8268407249500858,0,2,0,1,0,0,0,0,0,0,0,1
0.6181030531544571,0,-1.5344089267708736,1,1,-0.6990718324432631,-1.4596987401930464,1,3,0,0,0,0,1,0,1,0,0,0
0.5411712061322665,2,-1.4669183407456123,1,1,-1.0086452874724579,-0.1370236034333269,0,3,0,0,1,0,0,0,0,1,0,0
0.3103756650656947,0,-0.10667839677556494,1,1,0.2683452145229702,1.417823232864003,1,3,0,1,0,0,0,0,0,0,0,1
-0.6128064992005927,2,0.5546282936950214,0,1,-1.0860386512297564,1.6992434747277732,0,2,0,0,0,0,0,1,0,0,1,0
-1.382124969422499,1,-0.762208375138527,1,0,-0.9699486055938085,1.4670717751901627,0,1,0,1,0,0,0,0,0,0,0,0
-0.6705053844672357,2,-0.6611028097636283,1,1,-1.2408253787443537,-0.3480887848311545,1,2,0,0,0,0,0,1,0,0,0,1
0.23344381804350406,1,-0.43197485469957414,1,0,-1.395612106258951,-0.04556202482760162,0,3,0,0,0,0,0,0,0,1,0,0
0.6565689766655525,1,-0.16432404710310272,1,0,-0.5442851049286658,-0.11591708529354415,0,3,0,0,0,1,0,0,0,1,0,0
0.5219382443767189,2,0.37736800691813793,1,1,1.0809755339746063,1.389681208677626,0,3,1,0,0,0,0,0,0,1,0,0
0.5411712061322665,1,0.9149141607465727,1,1,1.6227290802756968,0.7002016161113892,1,3,0,0,0,0,0,1,0,0,0,1
0.3103756650656947,1,-0.9651469474989091,1,1,-0.5442851049286658,1.474107281236757,1,3,0,1,0,0,0,0,0,1,0,0
-0.40124391988956853,0,1.155069608372512,0,0,-1.511702151894899,-1.1501364741428992,1,2,0,0,0,0,1,0,1,0,0,0
0.36807455033233766,1,-1.6581821883717796,1,1,0.6940087151881129,-1.030532871350797,0,3,0,1,0,0,0,0,0,0,0,1
0.27190974155459935,0,1.3451615056695907,1,0,1.1196722158532555,0.48210092866696735,0,3,1,0,0,0,0,0,0,0,1,0
1.3874215233763634,1,-0.8326111425548439,0,0,-1.5890955156521978,-0.8968582564655062,0,3,0,0,0,0,0,0,0,0,0,0
0.5411712061322665,2,-1.7457110923230919,0,0,0.03616512325107423,-0.8124321839063752,0,3,0,0,0,0,1,0,0,0,1,0
-0.47817576691175917,0,1.2722117458574944,1,0,1.7001224440329956,-0.7702191476268097,0,2,0,0,0,0,0,0,0,0,0,1
0.4450063973545283,1,1.491636699579493,0,0,-0.7377685143219125,-1.0375683773973912,0,3,0,0,0,0,0,1,0,0,0,0
1.175858944065339,2,0.8415613971349585,1,1,0.8100987608240608,1.5937108840288592,0,3,0,0,0,0,0,0,0,1,0,0
-1.7090853192668092,1,1.5025824377459651,0,1,1.6614257621543462,0.862018255183057,0,0,0,0,1,0,0,0,0,0,1,0
-0.36277799637847324,1,-1.1095522382784377,1,0,1.2744589433678528,-0.29884024250499475,0,2,0,0,0,0,1,0,0,1,0,0
1.2527907910875298,2,1.509594382853743,0,0,0.30704189640161955,0.48210092866696735,0,3,0,0,0,1,0,0,0,1,0,0
0.09881308575467047,2,-0.5485979763410107,0,0,-1.4343087881376004,0.8831247733228398,1,3,0,1,0,0,0,0,0,0,1,0
-0.4397098434006639,0,-0.8672725096922355,1,0,1.1583688977319049,-0.6013670025085476,0,2,0,0,0,0,0,0,0,0,0,0
-0.32431207286737795,2,-0.7373980685008754,1,0,-0.38949837741406845,-0.5591539662289821,0,2,0,0,0,0,1,0,0,0,0,0
0.5027052826211712,0,-0.33818556589175286,1,0,-0.2734083317781204,0.10218360215087768,1,3,0,1,0,0,0,0,0,1,0,0
0.848898594221029,2,0.8089168633799693,1,1,-1.2021286968657043,0.7986987007637087,1,3,0,0,1,0,0,0,0,0,1,0
0.3103756650656947,1,-0.5131755806818811,0,1,-0.5055884230500164,0.003686517498558149,0,3,0,1,0,0,0,0,0,0,1,0
-0.824369078511617,1,1.6159139893333343,1,0,-1.2021286968657043,-1.0094263532110141,0,2,0,0,1,0,0,0,0,0,0,1
-1.382124969422499,2,-1.7524357952952228,0,0,0.8100987608240608,1.1786160272797983,1,1,0,0,1,0,0,0,0,0,0,1
-1.5936875487335231,0,1.168897419784887,1,0,1.1583688977319049,-0.305875748551589,0,1,0,1,0,0,0,0,0,0,0,1
0.6758019384211001,0,0.5788176983390798,1,0,1.2744589433678528,-0.45362137553006826,1,3,0,0,0,0,0,1,0,0,1,0
0.7142678619321955,2,-0.8410760035792116,1,0,1.0035821702173076,-0.7631836415802155,0,3,1,0,0,0,0,0,0,1,0,0
1.0412282117765055,1,0.9000215688536792,1,0,-0.5055884230500164,-1.361201655540727,0,3,0,1,0,0,0,0,0,0,1,0
-0.11274949355635373,1,1.323708989892187,1,0,-1.2408253787443537,-1.3541661494941326,1,3,0,0,0,0,1,0,0,1,0,0
1.021995250020958,0,-0.38859562172040196,0,0,0.8487954427027102,0.15143214447703746,1,3,0,0,0,0,0,1,0,1,0,0
-0.24738022584518732,1,0.3551433226507796,0,1,0.07486180512972357,-1.1149589439099281,0,2,0,0,0,0,0,0,0,1,0,0
0.9642963647543149,0,-0.2692049892948697,0,0,0.30704189640161955,-0.08073955506057288,0,3,0,0,0,1,0,0,0,0,0,0
-1.3051931224003084,1,-1.4731468282711282,1,0,0.2683452145229702,0.3413908077350823,0,2,0,0,0,0,0,0,0,0,0,0
1.2912567145986251,0,1.0659564507489154,0,0,0.3457385782802689,-1.2697400769350016,0,3,0,0,0,0,1,0,0,0,0,1
1.406654485131911,0,-0.575379834747869,0,0,-1.0086452874724579,-0.6857930750676786,0,3,0,1,0,0,0,0,0,1,0,0
-1.0166986960670936,2,-0.6462606327038731,1,0,1.6227290802756968,1.1786160272797983,1,2,0,0,1,0,0,0,1,0,0,0
-1.3628920076669513,1,0.9617136355035051,1,0,0.8874921245813595,-0.5239764359960108,1,1,0,0,0,0,0,1,0,0,1,0
1.5412852174207445,1,0.9709089014630017,1,0,-1.4343087881376004,0.862018255183057,0,3,0,0,0,0,1,0,1,0,0,0
-1.2474942371336655,1,1.432829852838958,1,0,-1.3182187425016525,1.1786160272797983,0,2,1,0,0,0,0,0,0,1,0,0
0.11804604751021813,1,-0.6633155921230054,1,1,0.8487954427027102,-0.21441416994586368,0,3,0,0,0,0,1,0,0,0,1,0
-0.3820109581340209,2,-0.21987563724640807,1,0,-0.19601496802082177,-0.22144967599245793,0,2,0,0,0,0,0,0,0,0,0,1
1.5605181791762923,1,0.06872381166584364,1,0,-1.0086452874724579,0.7846276886705202,0,3,0,0,0,0,1,0,0,0,0,0
-0.40124391988956853,2,1.0681204964692927,0,0,-0.3121050136567698,-0.7561481355336211,0,2,0,1,0,0,0,0,0,1,0,0
0.7911997089543861,1,-1.314956296338843,1,0,-1.3569154243803017,1.1223319789070443,0,3,0,0,0,0,0,0,0,0,0,0
-1.3436590459114037,2,-0.8056546589135208,1,0,1.506639034639749,0.6931661100647949,0,1,1,0,0,0,0,0,1,0,0,0
-1.5359886634668802,1,-0.3435959388843332,0,0,-1.1634320149870552,0.7353791463443604,0,1,0,0,0,1,0,0,0,0,0,0
-0.8820679637782599,2,-1.3979171558297934,0,0,-1.5503988337735484,1.7203499928675559,0,2,0,0,0,1,0,0,0,0,0,0
-0.4589428051562115,1,-0.49492351865234324,1,1,-1.5890955156521978,-0.36215979692434297,0,2,0,0,0,0,0,1,0,1,0,0
0.19497789453240877,2,0.37748385554705355,1,0,-0.3121050136567698,-1.1501364741428992,1,3,0,0,0,0,0,0,0,0,0,1
-0.4397098434006639,2,-0.2668678563722706,1,0,0.2683452145229702,-0.010384494594630356,0,2,0,0,0,1,0,0,0,1,0,0
1.0796941352876008,1,-1.3747231275560114,0,1,0.03616512325107423,-0.8405742080927522,0,3,0,0,0,0,1,0,0,0,0,1
0.40654047384343295,2,0.5912298084768891,0,0,0.1135584870083729,-0.01742000064122461,0,3,0,0,1,0,0,0,0,0,0,0
1.0604611735320533,2,-0.6401095099801093,0,0,1.2744589433678528,-1.1008879318167395,0,3,0,0,0,0,1,0,0,0,0,1
-0.17044837882299668,2,-1.705853816046341,1,0,0.6166153514308143,-1.5511603187987717,0,2,1,0,0,0,0,0,0,0,0,1
-0.8051361167560693,0,-0.3300074489097751,1,0,0.7714020789454116,1.277113111932118,1,2,0,0,1,0,0,0,0,0,1,0
0.09881308575467047,1,1.3999118336120004,1,0,-1.511702151894899,0.3132487835487053,0,3,0,1,0,0,0,0,1,0,0,0
1.1566259823097915,1,-0.6659888219311798,1,0,0.8874921245813595,-0.18627214575948667,0,3,0,0,0,0,0,1,0,0,1,0
0.291142703310147,0,-1.5982210804217587,1,0,0.1135584870083729,-0.01742000064122461,0,3,0,0,0,0,0,0,0,0,1,0
0.40654047384343295,1,-0.20401194988874116,1,0,0.2683452145229702,-1.2345625467020303,1,3,0,1,0,0,0,0,0,0,0,0
-0.6897383462227834,2,-1.5138808579751744,1,1,0.6940087151881129,1.0590124244876962,0,2,0,0,0,0,0,0,0,0,1,0
0.9258304412432197,2,-0.3637153244330754,1,0,-1.1247353331084058,-0.07370404901397863,0,3,0,0,0,0,0,1,0,1,0,0
-0.9205338872893553,0,1.0223926380937671,0,0,0.2683452145229702,0.5383849770397213,0,2,0,0,0,0,1,0,0,0,0,1
-1.4205908929335942,1,1.2241146703198507,1,0,0.6166153514308143,-0.46769238762325677,0,1,0,0,0,1,0,0,0,0,0,1
-0.6705053844672357,1,-1.7120292017821612,1,1,0.5005253057948662,1.0590124244876962,0,2,0,0,0,0,1,0,1,0,0,0
-0.5358746521784021,1,0.6477910469291984,1,0,-0.582981786807315,-1.2345625467020303,0,2,0,1,0,0,0,0,0,0,0,1
0.5796371296433619,0,-1.4177055831315093,1,0,-1.0086452874724579,-1.6215153792647143,1,3,0,0,0,1,0,0,0,0,1,0
0.19497789453240877,0,0.27989888558059334,1,0,0.8874921245813595,-0.6224735206483304,0,3,0,0,0,0,0,1,0,0,0,1
0.9450634029987673,2,-0.6293191519652043,1,0,-1.5890955156521978,-1.1782784983292762,0,3,0,0,0,0,0,1,0,1,0,0
1.6182170644429352,2,-1.3932890806138853,0,0,0.1135584870083729,0.43988789238740184,0,3,0,0,0,0,1,0,0,0,1,0
1.5797511409318399,1,-1.4813926015596428,0,0,0.6166153514308143,-1.4315567160066693,0,3,0,1,0,0,0,0,1,0,0,0
-0.2858461493562826,2,0.6831945290126594,1,0,0.6553120333094635,-0.8546452201859407,0,2,0,0,0,0,0,1,0,0,1,0
1.4451204086430063,2,1.5562081911647425,1,0,-1.6664888794094965,1.4530007630969741,0,3,0,1,0,0,0,0,0,0,0,0
0.7527337854432907,1,0.4401582461104478,1,0,-0.4281950592927178,0.03182854168493516,0,3,0,0,0,1,0,0,0,0,0,0
1.5028192939096494,1,-1.3187061655486456,0,0,0.1135584870083729,-1.4596987401930464,0,3,0,0,1,0,0,0,0,1,0,0
-0.7474372314894263,0,-0.33302035974772753,1,0,-0.0025315586275751,1.4600362691435684,0,2,0,1,0,0,0,0,1,0,0,0
1.3681885616208158,0,0.7757315413483833,1,0,0.03616512325107423,1.192687039372987,1,3,0,1,0,0,0,0,0,1,0,0
-1.4013579311780466,0,1.710040064709136,0,1,1.1196722158532555,-0.2918047364584005,1,1,0,0,1,0,0,0,0,0,1,0
1.0412282117765055,1,-0.7155491364346439,0,0,-1.2021286968657043,1.1997225454195812,1,3,0,0,1,0,0,0,0,0,1,0
-1.7090853192668092,1,-1.5641424153615815,1,0,1.3131556252465022,-1.3260241253077556,0,0,0,1,0,0,0,0,0,0,1,0
1.2335578293319822,2,-1.4309907687281007,0,0,1.0809755339746063,1.2278645696059582,0,3,0,0,1,0,0,0,0,0,0,1
1.6566829879540306,0,1.6753103673511884,1,0,0.9648854883386583,-0.39030182111072,0,3,0,1,0,0,0,0,1,0,0,0
-1.1705623901114748,2,1.2335592617585402,1,0,-1.1634320149870552,1.2067580514661753,0,2,0,1,0,0,0,0,0,1,0,0
1.348955599865268,0,1.0038028473105272,1,0,0.03616512325107423,-0.7702191476268097,0,3,0,1,0,0,0,0,0,0,1,0
0.8681315559765767,0,-0.6243700782880613,1,0,0.8874921245813595,-0.6365445327415189,1,3,0,0,0,0,1,0,1,0,0,0
-0.9013009255338076,0,-0.4340514119429557,1,0,1.0035821702173076,-0.39733732715731424,0,2,0,0,0,0,1,0,0,0,1,0
-0.7859031550005217,1,0.5933003470937274,0,0,-0.8538585599578604,-0.11591708529354415,1,2,0,0,0,0,1,0,0,1,0,0
0.6950349001766478,2,1.609019435841023,0,0,-1.1247353331084058,-0.39733732715731424,0,3,0,0,0,0,0,1,0,1,0,0
-1.6898523575112614,0,0.4739926720938198,1,0,-0.7764651962005618,0.10218360215087768,0,0,0,1,0,0,0,0,0,0,1,0
-1.3628920076669513,0,0.9854308999860281,1,0,-1.4730054700162498,-0.4887989057630395,1,1,1,0,0,0,0,0,0,0,0,1
-1.382124969422499,0,-0.21397642111935286,1,0,1.3518523071251516,-1.7200124639170338,1,1,0,0,0,0,1,0,0,0,1,0
0.5219382443767189,1,0.8472956493771585,0,0,-0.8538585599578604,-1.417485703913481,0,3,0,1,0,0,0,0,0,0,0,0
0.1757449327768611,2,0.9326661926977288,1,0,0.4618286239162169,-0.4887989057630395,0,3,0,0,0,0,1,0,0,1,0,0
0.3103756650656947,0,-1.4958095311233306,1,1,-0.8151618780792111,0.5313494709931271,0,3,0,0,0,0,0,0,0,1,0,0
1.1181600587986962,2,-0.6402963897279362,1,1,-0.6603751505646137,-1.00239084716442,0,3,0,0,0,0,1,0,0,0,0,1
-0.9397668490449029,0,-0.3100988768561542,0,0,1.390548989003801,0.43988789238740184,0,2,0,1,0,0,0,0,0,0,0,1
-1.4782897782002373,1,-1.2869096878624828,1,0,-1.3569154243803017,1.0871544486740732,0,1,1,0,0,0,0,0,1,0,0,0
1.0604611735320533,0,-0.14127357341451688,1,0,0.3844352601589182,-1.1853140043758705,0,3,0,0,0,1,0,0,0,0,0,1
-1.5167557017113324,1,-0.10974705422338388,1,0,0.19095185076567156,0.83387623099668,1,1,0,1,0,0,0,0,0,0,0,0
-0.035817646534163104,2,-0.19493405658376092,1,0,1.6227290802756968,0.4750654226203731,1,3,1,0,0,0,0,0,1,0,0,0
1.1950919058208869,0,0.3931997195397158,1,0,-1.0086452874724579,-0.2918047364584005,1,3,0,0,0,0,1,0,0,0,1,0
1.137393020554244,2,1.2981642636822188,1,1,1.0035821702173076,0.6298465556454467,0,3,0,0,0,0,0,0,0,1,0,0
-0.9782327725559982,0,1.1013330570510425,1,0,-1.6664888794094965,1.2982196300719007,0,2,0,0,1,0,0,0,0,0,0,0
-1.6321534722446185,1,-1.2360528572757645,1,0,0.2296485326443209,1.6148174021686421,1,1,0,0,1,0,0,0,0,0,0,1
-0.4589428051562115,1,-1.5110394678874102,1,0,-0.2734083317781204,1.277113111932118,0,2,0,1,0,0,0,0,0,1,0,0
-0.016584684778615452,0,0.06233073052564926,1,0,1.4679423527610995,-1.6566929094976854,1,3,0,1,0,0,0,0,0,0,0,0
-0.3050791111118303,2,-0.7366564367514941,1,0,0.07486180512972357,0.10921910819747194,1,2,0,0,0,0,0,1,1,0,0,0
-0.9974657343115458,0,1.3938105941894579,1,0,-0.1186216042635231,-1.530053800658989,0,2,0,1,0,0,0,0,0,0,0,0
-0.8436020402671646,1,1.0830068044778245,0,0,0.3457385782802689,0.4609944105271846,1,2,0,0,0,0,1,0,0,1,0,0
-0.824369078511617,0,0.28693172535824585,0,0,1.6227290802756968,-0.7631836415802155,0,2,0,1,0,0,0,0,0,0,1,0
0.4642393591100759,2,0.24687180637721848,0,0,1.4292456708824501,1.16454501518661,0,3,0,0,0,0,1,0,0,1,0,0
-1.6898523575112614,0,1.6273905482958002,1,0,0.6166153514308143,1.474107281236757,0,0,0,0,0,0,1,0,0,0,0,1
0.15651197102131345,2,0.2845459830905137,0,0,-1.5890955156521978,0.18660967471000872,0,3,0,0,0,0,0,0,0,0,0,1
-0.5358746521784021,0,-1.655849541399394,0,0,1.7001224440329956,-0.3199467606447775,0,2,0,1,0,0,0,0,1,0,0,0
0.02188123873247986,2,0.5139070884903585,0,0,-0.4281950592927178,-1.2767755829815959,0,3,0,0,0,0,0,1,0,0,1,0
-1.4782897782002373,0,1.3254336804171787,1,0,0.8874921245813595,-0.9953553411178258,0,1,0,0,0,0,1,0,0,0,1,0
-0.8820679637782599,0,0.35285634221881257,0,0,0.7714020789454116,-0.474727893669851,0,2,0,1,0,0,0,0,1,0,0,0
1.3681885616208158,0,-0.5491491656374985,1,1,1.6614257621543462,-1.1571719801894935,1,3,0,1,0,0,0,0,0,0,1,0
1.3297226381097205,2,-0.15428212112107131,1,0,1.1196722158532555,-0.46769238762325677,0,3,0,0,0,1,0,0,0,0,0,0
0.27190974155459935,2,-0.8468185658630274,1,1,0.2296485326443209,-0.7068995932074614,0,3,0,1,0,0,0,0,0,1,0,0
0.23344381804350406,2,-0.9617943717223643,1,0,-1.4730054700162498,1.4389297510037857,1,3,0,1,0,0,0,0,1,0,0,0
0.11804604751021813,1,-0.32458782903072186,1,0,0.5005253057948662,1.5163203175163225,0,3,0,0,1,0,0,0,1,0,0,0
-0.8436020402671646,1,-0.5671392368625046,1,1,0.7327053970667622,-0.9601778108848544,0,2,0,0,0,0,0,0,0,0,1,0
-0.49740872866730684,2,0.48880203002910705,1,1,0.7714020789454116,0.05293505982471792,0,2,0,0,1,0,0,0,0,1,0,0
-0.8051361167560693,1,0.862594739176725,0,0,-1.2408253787443537,0.024793035638340906,0,2,0,0,0,0,1,0,0,1,0,0
-0.5935735374450452,1,0.08485358737032832,1,0,1.1196722158532555,1.7344210049607443,0,2,0,0,0,0,1,0,0,0,1,0
1.3681885616208158,0,-0.04328730576206651,0,0,-0.0025315586275751,0.8760892672762455,0,3,0,0,1,0,0,0,1,0,0,0
0.23344381804350406,1,1.6035071552154072,1,0,0.07486180512972357,0.3836038440146478,0,3,0,0,0,0,1,0,1,0,0,0
0.291142703310147,0,1.609495735134636,0,0,0.8487954427027102,-0.1510946155265154,0,3,0,0,1,0,0,0,0,0,1,0
-1.4205908929335942,2,-0.7680292730381715,1,0,0.3844352601589182,-0.7842901597199982,0,1,0,0,0,0,1,0,0,1,0,0
-1.6321534722446185,0,1.4995146553549439,1,0,1.042278852095957,-0.6576510508813016,0,1,0,0,0,0,1,0,0,0,0,1
1.0412282117765055,0,-1.3535969843353897,1,0,0.7714020789454116,-0.9461067987916659,1,3,1,0,0,0,0,0,0,0,0,1
1.5797511409318399,2,1.3628978641415663,1,1,0.07486180512972357,1.16454501518661,0,3,0,0,0,0,0,1,0,0,0,1
1.5412852174207445,0,0.17885644023807762,0,0,0.6940087151881129,-1.2064205225156532,1,3,0,0,0,0,1,0,1,0,0,0
0.7719667471988384,0,-1.5442968529885464,0,0,1.4679423527610995,-1.6074443671715257,0,3,0,0,0,0,1,0,0,1,0,0
-0.9589998108004506,2,-0.7441674639105018,0,1,0.9261888064600089,-1.0234973653042028,1,2,1,0,0,0,0,0,0,0,1,0
0.6758019384211001,0,-0.8240818073067365,1,1,-0.7764651962005618,-0.418443845297097,0,3,0,0,0,0,1,0,0,0,1,0
1.522052255665197,2,-0.5504725401441958,1,1,-0.3121050136567698,0.4891364347135616,0,3,0,0,0,1,0,0,0,0,0,1
0.906597479487672,1,0.9516978247353916,1,0,-1.395612106258951,-0.09481056715376139,0,3,0,0,0,0,0,1,0,0,0,0
-1.0359316578226412,2,0.39821452440455274,1,0,0.07486180512972357,1.4952137993765398,1,2,0,0,0,0,1,0,0,1,0,0
-0.36277799637847324,1,-1.5298695123187458,0,0,-0.2347116498994711,0.9042312914626225,1,2,0,1,0,0,0,0,0,0,1,0
0.07958012399912283,0,0.6800801892279926,1,0,0.6553120333094635,-0.7983611718131867,0,3,0,0,0,0,1,0,1,0,0,0
1.3104896763541727,1,-0.08670849151293854,1,0,-0.04122824050622443,-1.6074443671715257,0,3,0,1,0,0,0,0,0,0,1,0
0.36807455033233766,0,0.6101605985884248,1,0,0.19095185076567156,-0.36215979692434297,0,3,0,0,0,0,0,0,0,0,1,0
-1.0551646195781887,1,-1.2333677610245979,1,0,-0.1186216042635231,0.16550315657022596,0,2,0,1,0,0,0,0,0,0,1,0
1.348955599865268,0,1.1257766796772684,1,0,0.1135584870083729,0.03182854168493516,0,3,0,1,0,0,0,0,0,0,0,0
-0.766670193244974,0,0.20436295521495765,0,1,-0.9312519237151591,-1.7622255001965994,0,2,0,0,0,0,0,1,0,0,1,0
1.0796941352876008,1,0.0029608296500522467,1,0,0.8100987608240608,-1.0657104015837682,1,3,0,0,0,0,0,1,0,0,0,1
0.7911997089543861,2,-0.5959419315395056,1,0,0.7714020789454116,0.48210092866696735,0,3,0,0,0,0,0,0,0,1,0,0
0.6758019384211001,2,1.0865163001577407,0,0,-0.3508016955354191,-0.5450829541357936,0,3,0,0,0,0,0,1,0,0,0,0
0.32960862682124237,2,-1.3848534236623125,1,1,0.8100987608240608,-1.7411189820568165,0,3,0,1,0,0,0,0,0,1,0,0
-0.766670193244974,0,0.62414404929212,1,0,-0.8151618780792111,0.7705566765773317,1,2,1,0,0,0,0,0,1,0,0,0
1.2143248675764344,0,-1.048397274027803,1,0,0.42313194203756754,-0.9742488229780429,0,3,1,0,0,0,0,0,0,0,1,0
-0.6320394609561404,1,-1.6388451609015204,1,1,0.03616512325107423,-1.0094263532110141,1,2,0,0,0,0,1,0,0,0,1,0
-0.4397098434006639,0,-1.6342442138730457,1,1,-1.511702151894899,-1.4808052583328293,0,2,0,0,1,0,0,0,0,1,0,0
-1.324426084155856,2,-0.26436512914508997,1,0,0.6553120333094635,1.2067580514661753,0,1,0,0,0,1,0,0,0,0,0,1
0.7527337854432907,2,-0.7986435596209331,1,0,-0.8925552418365098,0.9886573640217535,0,3,0,0,0,0,1,0,0,0,1,0
-0.34354503462292557,1,-0.6379299928829758,1,1,1.3518523071251516,0.48210092866696735,0,2,0,1,0,0,0,0,0,0,1,0
0.7911997089543861,1,1.3579628468141036,1,0,0.5392219876735156,0.9394088216955938,0,3,0,0,0,1,0,0,0,1,0,0
1.6566829879540306,0,0.3307891849548603,1,1,1.0809755339746063,-1.7129769578704395,0,3,0,0,0,0,1,0,0,1,0,0
-1.0359316578226412,1,0.03230556343564004,1,0,-0.1186216042635231,-1.0234973653042028,0,2,0,1,0,0,0,0,0,1,0,0
1.6566829879540306,1,1.2447478077795866,0,0,0.3457385782802689,0.4891364347135616,0,3,0,0,0,0,1,0,0,0,1,0
-1.093630543089284,1,-1.6535148477098338,0,0,-0.8925552418365098,-0.277733724365212,0,2,0,1,0,0,0,0,1,0,0,0
0.4257734355989806,0,1.1314322968029293,1,0,-0.2734083317781204,0.7424146523909547,1,3,0,1,0,0,0,0,0,0,1,0
1.5412852174207445,1,-0.23261090496136172,1,0,0.5779186695521649,0.974586351928565,1,3,0,0,0,0,0,0,0,0,0,0
0.38730751208788533,0,-0.6658914845571406,1,1,1.7388191259116448,1.6148174021686421,1,3,0,0,1,0,0,0,0,0,0,0
-0.6512724227116881,1,-1.4278635394877452,1,0,-1.047341969351107,-1.0446038834439855,1,2,0,1,0,0,0,0,0,0,0,1
1.3681885616208158,1,-1.3888946055802043,0,0,-1.3569154243803017,-0.8757517383257235,0,3,0,0,0,0,1,0,0,0,0,1
1.175858944065339,2,1.6351916179000237,1,0,0.5005253057948662,-0.1088815792469499,0,3,0,0,0,0,0,0,0,0,1,0
-1.5936875487335231,0,-0.7441896005749856,1,0,1.1196722158532555,-1.3400951374009442,1,1,0,1,0,0,0,0,0,0,0,0
0.291142703310147,2,-0.7827336607311197,0,1,0.15225516888702223,-1.3400951374009442,1,3,0,0,0,0,1,0,0,0,0,1
1.2335578293319822,2,0.045721114877075635,0,0,-0.9312519237151591,0.9886573640217535,1,3,0,1,0,0,0,0,0,0,0,1
1.021995250020958,2,-0.6351313285801348,1,0,0.07486180512972357,-0.418443845297097,1,3,0,0,0,0,0,1,0,0,0,1
0.5027052826211712,0,-1.67538786556841,0,0,0.8874921245813595,0.08811259005768918,0,3,0,0,0,1,0,0,0,1,0,0
0.5219382443767189,2,0.40760316488830267,0,0,-1.5890955156521978,0.5243139649465328,0,3,0,1,0,0,0,0,0,0,1,0
-0.32431207286737795,0,1.3873511807372276,1,0,-1.6664888794094965,-1.1149589439099281,0,2,0,1,0,0,0,0,0,0,0,1
0.4257734355989806,0,0.15157646774462652,0,0,-0.5055884230500164,0.3273197956418938,0,3,0,0,1,0,0,0,0,1,0,0
-1.6706193957557138,2,-0.33274049206009426,1,0,-0.8151618780792111,-0.833538702046158,0,0,0,0,0,0,1,0,1,0,0,0
-1.3628920076669513,1,0.6965553264226645,1,1,-1.6664888794094965,-1.7129769578704395,0,1,0,0,0,0,0,1,0,1,0,0
-0.09351653180080607,2,1.2861369734721777,1,0,1.1970655796105543,-1.1571719801894935,0,3,0,0,0,0,1,0,1,0,0,0
0.25267677979905173,1,-1.0147317137890839,0,0,1.3518523071251516,0.5665270012260983,1,3,1,0,0,0,0,0,0,0,0,0
0.38730751208788533,2,0.15392942346647004,1,1,0.5779186695521649,-1.00239084716442,0,3,0,1,0,0,0,0,0,1,0,0
-1.324426084155856,2,1.706124206215398,0,0,0.1135584870083729,-1.030532871350797,0,1,0,0,0,0,0,1,0,0,1,0
1.522052255665197,1,0.5250491573377574,0,0,0.42313194203756754,-1.3963791857736982,0,3,0,0,0,1,0,0,0,1,0,0
0.5988700913989096,2,0.23987383939061147,1,0,0.30704189640161955,0.4891364347135616,0,3,0,0,1,0,0,0,0,0,1,0
-1.4975227399557849,1,-0.24789507611818098,1,0,0.5779186695521649,-0.23552068808564644,0,1,0,0,0,0,1,0,0,1,0,0
-0.6320394609561404,0,-0.7834371004491724,1,1,0.5005253057948662,-1.1571719801894935,0,2,0,0,0,0,0,1,0,0,0,1
-0.5935735374450452,2,0.4244125538572423,1,0,-1.5503988337735484,0.09514809610428343,0,2,0,1,0,0,0,0,1,0,0,0
0.38730751208788533,0,-0.5669516760133256,0,0,0.07486180512972357,-0.861680726232535,0,3,0,0,0,1,0,0,0,0,0,0
0.07958012399912283,0,-1.4778384874410788,0,0,0.6553120333094635,-0.24959170017883495,1,3,0,1,0,0,0,0,0,0,0,1
1.6566829879540306,0,0.8899224170579307,1,0,-0.6990718324432631,-0.833538702046158,1,3,0,0,0,0,0,1,0,0,1,0
0.34884158857679,1,-1.6601165026299287,1,1,-1.0086452874724579,-0.38326631506412573,1,3,0,0,0,0,1,0,0,0,1,0
-0.09351653180080607,2,-0.039181670498791676,1,0,0.6553120333094635,-0.6646865569278959,0,3,0,0,1,0,0,0,0,1,0,0
-0.9397668490449029,0,0.3460720541952408,1,0,0.5779186695521649,0.03886404773152941,0,2,0,0,0,1,0,0,0,1,0,0
-1.1897953518670223,1,-0.745873193296597,0,0,-0.9699486055938085,-1.304917607167973,0,2,0,0,0,0,0,0,0,1,0,0
1.2143248675764344,2,-0.5731892615016765,0,0,1.390548989003801,1.5726043658890765,0,3,1,0,0,0,0,0,0,1,0,0
-0.7859031550005217,1,-0.39727944693608835,0,0,0.8100987608240608,0.3695328319214593,1,2,1,0,0,0,0,0,0,0,1,0
-1.266727198889213,1,0.18758359236648584,1,0,-0.38949837741406845,0.7846276886705202,0,2,0,0,0,0,0,0,0,1,0,0
-0.266613187600735,1,0.5124756337113241,1,0,-0.7764651962005618,-1.4878407643794234,0,2,0,1,0,0,0,0,0,1,0,0
0.3103756650656947,1,0.36528129569011575,1,1,-0.38949837741406845,-0.08777506110716714,1,3,1,0,0,0,0,0,0,1,0,0
0.3103756650656947,2,1.0587354434014273,1,0,1.1583688977319049,0.6298465556454467,0,3,0,0,1,0,0,0,0,0,0,1
0.8104326707099337,0,-0.009713218547630253,1,0,-1.395612106258951,-0.5239764359960108,1,3,0,0,0,0,1,0,0,0,0,1
-1.1128635048448319,2,1.5752863339743048,0,1,0.8874921245813595,-0.305875748551589,0,2,0,0,0,0,1,0,1,0,0,0
1.0796941352876008,1,0.5541271078403862,1,0,0.5392219876735156,-1.417485703913481,1,3,0,1,0,0,0,0,0,1,0,0
0.9258304412432197,2,1.4484950309707618,1,0,1.7001224440329956,-1.1571719801894935,0,3,1,0,0,0,0,0,0,1,0,0
-0.22814726408963965,0,0.16164580507571757,0,0,-0.15731828614217244,-0.9179647746052889,0,2,0,0,0,0,0,0,0,1,0,0
0.06034716224357517,2,-0.03117042160871543,1,1,1.5453357165183983,-1.4948762704260177,0,3,0,0,0,0,1,0,0,0,0,0
-1.0551646195781887,2,0.6776555469053533,0,0,-0.2734083317781204,-0.10184607320035564,0,2,0,1,0,0,0,0,0,0,1,0
-1.4205908929335942,0,1.5011585175501156,1,0,-0.5055884230500164,-0.04556202482760162,1,1,0,1,0,0,0,0,0,1,0,0
-1.324426084155856,1,-0.0516306559678241,1,1,-1.6277921975308471,1.4881782933299454,0,1,0,0,0,0,0,1,0,0,0,1
1.2143248675764344,0,-1.7131618492342158,0,0,-0.5442851049286658,1.1856515333263926,0,3,0,0,0,0,1,0,0,0,0,1
-0.7474372314894263,0,0.5631719933827508,1,0,1.6227290802756968,-1.3400951374009442,0,2,0,0,0,0,1,0,0,0,1,0
-1.6898523575112614,0,0.709950085448221,0,0,-0.4668917411713671,-0.5380474480891994,0,0,0,0,0,0,0,0,0,0,1,0
0.2142108562879564,0,1.0914130419412797,0,0,1.1970655796105543,-1.2908465950747843,0,3,0,0,0,0,1,0,0,0,0,0
-1.1320964666003794,1,-0.27373173387487865,1,1,0.8100987608240608,-0.334017772737966,0,2,0,0,0,0,1,0,0,0,0,1
-0.1319824553119014,0,-1.5563920939339178,1,0,-0.38949837741406845,-1.1431009680963051,0,3,0,1,0,0,0,0,0,0,0,1
-1.0551646195781887,0,-1.2762667183230905,0,0,-1.1634320149870552,-0.7631836415802155,1,2,0,1,0,0,0,0,0,0,1,0
-1.5359886634668802,1,0.02104489852376761,1,0,1.5840323983970475,-0.31291125459818325,1,1,0,0,0,0,0,1,0,0,1,0
0.9835293265098626,0,-1.2223834391977397,1,0,-1.511702151894899,0.8268407249500858,0,3,0,1,0,0,0,0,0,0,0,0
0.9835293265098626,0,0.7931674188900226,1,1,-0.9312519237151591,0.4750654226203731,0,3,0,0,0,0,0,1,0,0,1,0
0.4642393591100759,0,-0.7999943701850599,1,0,0.3844352601589182,-0.29884024250499475,0,3,0,0,0,0,0,1,0,0,0,1
0.7911997089543861,0,-1.5910050504676976,0,1,-0.3121050136567698,-0.4043728332039085,0,3,0,1,0,0,0,0,0,0,0,0
0.5988700913989096,0,-1.3104402447818355,1,1,0.5779186695521649,-0.7209706053006499,0,3,0,0,0,0,1,0,1,0,0,0
-0.7282042697338786,1,-0.008697299616899405,1,0,0.7327053970667622,0.045899553778123665,0,2,0,1,0,0,0,0,0,0,1,0
-1.3051931224003084,1,1.0753934558059333,0,1,0.3844352601589182,-0.9250002806518832,1,2,0,0,0,0,1,0,0,0,0,0
0.9258304412432197,2,0.2678800747783229,0,0,1.506639034639749,1.4248587389105971,0,3,0,0,0,0,0,0,0,0,0,1
-1.2859601606447606,1,-0.1056166505426141,0,0,1.1970655796105543,1.0097638821615362,1,2,0,0,1,0,0,0,0,0,1,0
0.3103756650656947,1,-0.616377430828596,1,1,0.03616512325107423,-0.8194676899529695,0,3,0,0,0,1,0,0,0,0,0,1
0.5988700913989096,0,0.6826203561055939,1,0,-0.3121050136567698,0.7142726282045777,0,3,0,0,0,0,0,1,0,0,0,0
-1.4590568164446895,0,0.7833969894373121,1,0,0.3844352601589182,-0.4958344118096338,0,1,0,0,1,0,0,0,0,0,1,0
0.9258304412432197,1,-1.567265592442771,0,0,1.042278852095957,1.5514978477492938,1,3,0,0,0,0,1,0,0,0,0,0
0.291142703310147,0,0.019680799670415174,1,1,1.1583688977319049,0.24289372308276275,0,3,0,0,0,1,0,0,0,1,0,0
-1.2474942371336655,1,0.9347185337059419,1,0,0.7327053970667622,0.7494501584375489,0,2,0,0,0,1,0,0,1,0,0,0
-1.5552216252224278,0,-0.801289346915703,0,0,0.19095185076567156,-1.5441248127521774,0,1,0,0,0,0,1,0,0,1,0,0
1.2335578293319822,1,1.277500819762534,1,0,0.7327053970667622,-1.0797814136769568,0,3,0,0,0,0,1,0,0,1,0,0
-0.5743405756894975,2,0.8486491069862624,1,0,-1.1634320149870552,-0.17923663971289241,0,2,0,0,0,0,1,0,0,0,1,0
-0.47817576691175917,2,-0.6586703772373729,1,0,-1.1247353331084058,1.1786160272797983,0,2,1,0,0,0,0,0,1,0,0,0
-0.8820679637782599,1,0.11706232977414964,0,0,-0.8538585599578604,0.6157755435522582,1,2,0,0,0,0,0,0,1,0,0,0
1.6566829879540306,1,0.6729527963502556,1,1,-1.1247353331084058,-1.5722668369385544,1,3,0,1,0,0,0,0,0,0,0,1
-0.3820109581340209,1,0.050845515676171,1,0,0.5005253057948662,-1.3752726676339153,1,2,0,1,0,0,0,0,0,1,0,0
0.11804604751021813,2,-0.7673382839815416,1,0,-1.047341969351107,-1.4526632341464523,1,3,0,0,0,0,0,0,0,0,0,1
1.5797511409318399,2,1.1117926639146778,1,0,-1.047341969351107,1.1504740030934213,0,3,0,0,1,0,0,0,0,0,1,0
-0.5358746521784021,1,-1.1400559095903098,1,1,-1.3182187425016525,1.2278645696059582,0,2,0,0,0,0,0,0,0,0,0,1
0.5988700913989096,0,-0.3182770017195891,1,0,0.9261888064600089,1.0941899547206673,0,3,0,0,0,1,0,0,1,0,0,0
1.137393020554244,2,1.2301703455845363,1,1,-0.19601496802082177,1.248971087745741,0,3,0,0,0,0,1,0,0,1,0,0
-1.7283182810223567,2,-0.0015276810578426676,1,0,0.2296485326443209,0.8198052189034915,1,0,1,0,0,0,0,0,0,1,0,0
-0.3820109581340209,1,1.2430958052639787,0,0,0.2683452145229702,-0.8265031959995637,1,2,0,0,0,0,1,0,1,0,0,0
-0.5358746521784021,1,1.1810402747530266,1,0,0.2683452145229702,-0.2425561941322407,0,2,0,0,0,0,1,0,1,0,0,0
0.7719667471988384,0,0.7593390314945242,1,0,-1.4730054700162498,0.5524559891329098,0,3,0,0,1,0,0,0,0,0,0,0
0.3103756650656947,2,0.1130222608888769,1,0,1.1583688977319049,1.5374268356561052,1,3,0,0,0,0,1,0,0,1,0,0
0.002648276976932204,0,-1.5664253832266684,1,0,1.7001224440329956,-0.6295090266949246,0,3,0,0,0,0,0,0,1,0,0,0
-1.5936875487335231,2,1.2444344722825789,0,0,0.19095185076567156,0.37656833796805356,0,1,0,0,1,0,0,0,0,0,0,0
0.7527337854432907,1,-1.4275605761249561,1,0,1.1583688977319049,0.22882271098957424,0,3,0,0,0,0,0,1,1,0,0,0
-0.7474372314894263,1,1.0258837551347773,0,0,1.1583688977319049,-1.1079234378633338,0,2,0,0,0,0,0,0,0,1,0,0
-1.0743975813337365,0,1.6817008457766578,1,1,-0.8538585599578604,-1.4385922220532636,1,2,0,1,0,0,0,0,1,0,0,0
-1.2282612753781177,1,-0.8075906627922014,1,0,-0.07992492238487377,1.0730834365808846,0,2,0,0,0,0,0,1,0,0,0,1
-0.824369078511617,1,-0.8250206651271981,1,0,1.1583688977319049,-0.2918047364584005,0,2,0,0,0,0,1,0,0,0,1,0
-0.5166416904228545,0,1.0467482132695205,1,0,0.8874921245813595,-1.6637284155442797,1,2,0,0,0,0,1,0,1,0,0,0
-0.035817646534163104,0,-1.5390008926920455,0,1,0.6553120333094635,1.340432666351466,1,3,0,0,1,0,0,0,0,0,0,0
0.6950349001766478,1,-1.6731015677415737,1,0,-0.07992492238487377,0.3976748561078363,0,3,0,0,0,1,0,0,0,0,1,0
0.38730751208788533,1,0.49159984130198875,1,0,0.8487954427027102,-1.2415980527486246,1,3,0,0,0,0,1,0,1,0,0,0
-0.9397668490449029,2,0.9183257595556304,0,0,0.9648854883386583,-1.558195824845366,1,2,0,1,0,0,0,0,0,0,0,0
1.464353370398554,0,1.7127198070348821,1,0,-0.0025315586275751,0.08107708401109492,0,3,0,0,0,0,0,1,0,0,0,0
1.6566829879540306,2,-1.634942249819229,1,0,-0.2347116498994711,1.6570304384482075,0,3,0,1,0,0,0,0,1,0,0,0
-0.8436020402671646,0,-0.6438398581615793,0,0,0.5392219876735156,-1.501911776472612,0,2,0,0,0,0,0,1,0,1,0,0
0.32960862682124237,1,-1.0060635635666184,0,0,0.42313194203756754,-0.1229525913401384,0,3,0,1,0,0,0,0,0,0,0,0
-0.05505060828971076,0,-1.3746187358050166,1,1,-0.2734083317781204,0.024793035638340906,1,3,0,0,0,1,0,0,0,0,0,1
-1.4205908929335942,0,0.7629115550665458,1,0,1.3518523071251516,-1.2838110890281902,0,1,0,0,0,0,1,0,0,0,0,1
-1.2282612753781177,0,1.3683937221263138,1,0,-1.4343087881376004,1.1504740030934213,1,2,0,1,0,0,0,0,0,0,1,0
-1.7090853192668092,0,-1.67753633280222,1,0,-0.9699486055938085,-0.5450829541357936,0,0,0,1,0,0,0,0,0,0,0,0
1.2143248675764344,0,1.4392757932371572,1,0,-1.4343087881376004,-1.7340834760102224,0,3,0,0,0,0,1,0,1,0,0,0
-0.8436020402671646,1,1.6389625397087615,1,0,0.2296485326443209,1.2278645696059582,0,2,0,0,0,0,0,1,0,0,1,0
-1.3436590459114037,0,0.7743298975615324,0,0,-0.9699486055938085,0.3695328319214593,1,1,0,0,0,0,1,0,1,0,0,0
1.4258874468874587,1,-0.22888626041401447,1,0,-1.279522060623003,-0.38326631506412573,0,3,1,0,0,0,0,0,0,1,0,0
-0.6705053844672357,1,0.6252824631288417,1,1,1.1196722158532555,0.7564856644841432,0,2,0,1,0,0,0,0,1,0,0,0
0.38730751208788533,1,1.4609201488619377,1,1,1.7388191259116448,0.9253378096024053,1,3,0,0,0,0,1,0,0,0,1,0
-0.05505060828971076,1,0.04680409141046106,1,0,-0.2347116498994711,0.5665270012260983,0,3,0,0,1,0,0,0,0,0,0,1
1.1181600587986962,1,-1.1604069280666172,1,0,0.9648854883386583,0.5805980133192868,0,3,0,1,0,0,0,0,0,0,0,0
-1.7475512427779043,1,-0.5785009670237097,1,0,0.03616512325107423,-1.3541661494941326,0,0,1,0,0,0,0,0,0,0,0,0
0.6565689766655525,1,1.6355978928840642,1,0,1.4292456708824501,-0.059633036920790125,0,3,0,0,0,1,0,0,0,1,0,0
-1.5359886634668802,2,-1.005724513041237,1,0,-1.5890955156521978,-0.8124321839063752,0,1,0,0,0,0,0,1,0,0,1,0
1.137393020554244,0,-0.04288161332252549,0,0,0.8874921245813595,1.0801189426274789,1,3,0,1,0,0,0,0,1,0,0,0
-0.824369078511617,2,-1.2272602315735792,0,0,0.9648854883386583,-1.2345625467020303,0,2,1,0,0,0,0,0,0,1,0,0
-1.1897953518670223,0,-1.689942596248332,1,0,-1.1247353331084058,1.4670717751901627,0,2,0,1,0,0,0,0,0,0,0,0
-1.1705623901114748,0,-0.7668741063348249,1,0,-1.0860386512297564,-0.9812843290246372,0,2,0,0,0,0,1,0,1,0,0,0
0.09881308575467047,1,0.033371588361379365,0,0,0.15225516888702223,-1.6566929094976854,0,3,0,0,1,0,0,0,0,0,0,1
0.34884158857679,2,1.1427751797073062,1,0,0.03616512325107423,0.17253866261682022,0,3,0,0,1,0,0,0,0,0,0,1
-0.05505060828971076,2,-0.20770115354748686,1,0,1.1970655796105543,0.278071253315734,0,3,0,0,0,0,1,0,0,0,0,0
1.5412852174207445,1,1.4004202493592603,1,0,-1.3182187425016525,-1.3260241253077556,0,3,0,0,1,0,0,0,0,0,1,0
0.5219382443767189,2,1.5117577199392258,0,0,-1.5503988337735484,-1.0516393894905798,0,3,0,1,0,0,0,0,0,0,1,0
-0.2858461493562826,0,-0.6544731182895133,1,0,-0.4281950592927178,1.192687039372987,0,2,0,0,0,0,0,1,1,0,0,0
-1.5359886634668802,1,-0.03224944676912098,0,0,0.03616512325107423,-1.6074443671715257,0,1,0,1,0,0,0,0,0,1,0,0
1.3104896763541727,2,0.8552428818484852,1,0,-0.38949837741406845,-0.4043728332039085,0,3,0,0,0,1,0,0,0,0,0,1
-0.8820679637782599,2,-0.9539952273017422,1,1,1.4679423527610995,0.5454204830863156,0,2,0,0,0,0,0,0,0,0,1,0
1.4451204086430063,1,-1.742988186573242,0,1,-0.07992492238487377,-0.9953553411178258,1,3,0,0,1,0,0,0,1,0,0,0
-1.7475512427779043,1,-1.4837483721482185,1,0,-1.6664888794094965,1.5514978477492938,1,0,0,0,1,0,0,0,0,1,0,0
-0.9013009255338076,0,0.12111351613759137,1,1,-1.1247353331084058,0.3554618198282708,0,2,0,0,0,0,0,1,0,0,1,0
0.8296656324654814,1,-0.4531736616252119,0,0,1.0809755339746063,0.32028428959529953,0,3,0,0,0,0,1,0,0,1,0,0
0.09881308575467047,1,-0.5136675137111024,0,0,-0.9312519237151591,-0.5169409299494165,0,3,0,0,0,0,1,0,0,0,0,1
1.0604611735320533,2,1.3265945345169345,1,0,-0.8538585599578604,0.21475169889638573,0,3,0,1,0,0,0,0,1,0,0,0
0.5027052826211712,2,1.7133260187799346,1,0,-1.5890955156521978,-0.31291125459818325,0,3,0,1,0,0,0,0,0,1,0,0
1.0027622882654104,2,1.5329462463328478,1,0,-0.2347116498994711,-0.39733732715731424,1,3,0,0,0,0,1,0,0,0,0,1
-1.1320964666003794,2,-0.923108245354482,0,0,-1.5503988337735484,-0.6154380146017361,0,2,0,1,0,0,0,0,0,1,0,0
-0.15121541706744904,1,1.1044684024940965,0,0,1.2357622614892037,1.6922079686811788,0,3,0,0,0,0,1,0,0,1,0,0
0.002648276976932204,2,-1.695767958531256,0,0,-1.5503988337735484,-0.9883198350712314,0,3,0,1,0,0,0,0,0,1,0,0
0.733500823687743,0,0.23884281442494615,1,0,0.6940087151881129,0.4328523863408076,0,3,0,0,0,1,0,0,0,1,0,0
0.7719667471988384,1,-1.2032282621624,1,1,0.7327053970667622,-0.4887989057630395,1,3,0,0,0,0,1,0,1,0,0,0
0.34884158857679,0,-1.2394410541251064,1,0,-0.4281950592927178,-0.24959170017883495,0,3,0,1,0,0,0,0,0,0,0,0
-0.34354503462292557,0,0.19916993836962685,0,1,-1.1247353331084058,0.7072371221579834,0,2,0,0,0,0,0,0,0,1,0,0
-1.2090283136225701,2,-1.4834145209813705,1,0,0.8874921245813595,1.1997225454195812,0,2,0,1,0,0,0,0,1,0,0,0
-0.1319824553119014,0,-0.5050008076178739,1,0,-0.04122824050622443,-1.058674895537174,0,3,0,1,0,0,0,0,0,0,0,0
-0.035817646534163104,0,-1.4382516451104557,1,0,-0.5442851049286658,-0.9672133169314487,1,3,1,0,0,0,0,0,0,0,0,1
-0.6705053844672357,2,-0.3931596938577427,1,0,1.2744589433678528,-0.6154380146017361,0,2,0,0,0,0,1,0,0,0,0,0
0.25267677979905173,2,0.7659218006868388,1,1,0.5005253057948662,-0.9953553411178258,0,3,0,0,0,0,1,0,0,0,0,0
-1.0551646195781887,2,1.0983585363303168,1,0,-1.3182187425016525,0.9534798337887823,1,2,1,0,0,0,0,0,0,1,0,0
-0.8628350020227122,2,0.3381057357926064,1,0,0.3457385782802689,1.6781369565879902,0,2,0,0,0,0,1,0,0,0,1,0
0.8296656324654814,2,-0.14154482179305283,1,0,1.1196722158532555,-0.3480887848311545,1,3,0,1,0,0,0,0,0,0,0,1
0.3103756650656947,2,0.019105232913448008,1,0,1.3131556252465022,0.024793035638340906,0,3,0,0,0,0,0,0,0,0,0,0
0.27190974155459935,2,0.8721143175611621,1,0,0.19095185076567156,-0.8476097141393465,1,3,0,0,0,0,1,0,0,0,1,0
-0.5551076139339498,0,0.30888214846994216,1,0,-0.9312519237151591,-1.0164618592576085,0,2,1,0,0,0,0,0,0,0,0,0
-0.1319824553119014,0,1.3493760661624288,1,0,1.7001224440329956,-0.7913256657665925,0,3,0,1,0,0,0,0,0,0,1,0
1.0027622882654104,2,-1.7092269314096635,0,0,1.7001224440329956,-0.6295090266949246,0,3,0,0,0,0,1,0,0,0,0,1
-0.1319824553119014,0,0.08802665280303495,1,1,0.8874921245813595,0.9675508458819708,0,3,0,0,0,1,0,0,0,0,1,0
-0.6320394609561404,2,0.1978515745288195,0,0,0.9261888064600089,0.29917777145551677,0,2,0,1,0,0,0,0,0,0,1,0
-0.824369078511617,1,0.17864131368082461,1,0,-1.3182187425016525,-0.29884024250499475,0,2,0,0,0,0,0,1,1,0,0,0
0.6565689766655525,2,-1.1673200364651914,0,0,0.6553120333094635,1.474107281236757,0,3,0,0,1,0,0,0,1,0,0,0
-1.0359316578226412,0,0.6815376310079361,1,0,0.8874921245813595,1.1012254607672616,0,2,0,0,0,1,0,0,0,0,0,1
-0.6320394609561404,2,1.2409781815091723,1,0,0.9648854883386583,0.21475169889638573,1,2,0,1,0,0,0,0,0,1,0,0
-0.05505060828971076,0,-0.4691021158233018,1,0,-0.7377685143219125,-0.12998809738673264,0,3,0,1,0,0,0,0,0,0,0,0
0.9835293265098626,0,-1.077640351208784,0,1,-1.6664888794094965,-0.11591708529354415,0,3,0,0,0,0,1,0,0,1,0,0
1.464353370398554,1,-0.11189888288338037,1,1,1.3518523071251516,0.306213277502111,1,3,1,0,0,0,0,0,0,0,0,1
0.4642393591100759,0,0.2811532754336957,1,0,0.6940087151881129,-0.5380474480891994,0,3,0,0,0,0,1,0,1,0,0,0
0.07958012399912283,1,-1.3919462531471376,1,0,0.4618286239162169,-0.14405910947992115,1,3,0,0,0,0,1,0,0,0,0,1
1.4451204086430063,1,-1.0765759129200672,1,0,0.4618286239162169,0.003686517498558149,0,3,0,0,0,1,0,0,0,1,0,0
-1.4590568164446895,1,1.508648146085912,1,0,-1.2408253787443537,0.1303256263372547,0,1,0,0,1,0,0,0,0,1,0,0
1.348955599865268,0,0.6525637789524796,1,0,-0.3508016955354191,1.5796398719356708,0,3,0,1,0,0,0,0,0,0,0,0
-1.5552216252224278,1,0.2886232646370783,0,0,-1.1247353331084058,0.25696473517595125,1,1,0,1,0,0,0,0,0,1,0,0
1.0796941352876008,1,0.0015630514940629511,1,0,0.8100987608240608,1.248971087745741,0,3,1,0,0,0,0,0,0,1,0,0
1.021995250020958,0,-0.10580452109875241,0,1,0.7714020789454116,-0.2636627122720235,0,3,0,0,0,1,0,0,0,0,0,1
1.6566829879540306,0,-0.7946883291105202,1,0,0.15225516888702223,-1.5793023429851487,0,3,0,0,1,0,0,0,0,0,1,0
0.8873645177321243,0,-1.2127872763813365,0,1,0.42313194203756754,-0.20737866389926943,0,3,0,0,0,0,1,0,1,0,0,0
1.3297226381097205,2,-0.07016600091302926,1,0,0.19095185076567156,-1.1501364741428992,0,3,0,0,0,0,1,0,0,0,1,0
1.2143248675764344,1,0.37668713333198633,1,0,-1.279522060623003,0.8057342068103029,1,3,0,1,0,0,0,0,0,1,0,0
-0.07428357004525842,1,-1.0955605160612418,0,0,0.7327053970667622,-1.2134560285622475,0,3,0,0,0,0,1,0,1,0,0,0
-0.18968134057854436,2,-0.8460602553715827,1,0,1.2357622614892037,-1.3260241253077556,1,2,0,0,1,0,0,0,0,0,0,1
0.8296656324654814,0,-0.4227454232236037,0,0,-0.38949837741406845,-0.28476923041180624,0,3,0,1,0,0,0,0,0,0,0,0
-1.6321534722446185,2,-1.7258623715853425,1,0,-0.8925552418365098,1.1504740030934213,0,1,1,0,0,0,0,0,0,0,1,0
0.7911997089543861,1,0.2582615195737149,1,1,0.6940087151881129,1.4881782933299454,0,3,0,0,0,0,0,1,0,0,0,1
-0.6897383462227834,1,0.9307964184877252,1,0,-1.4730054700162498,1.4952137993765398,0,2,0,0,0,0,1,0,0,1,0,0
1.6566829879540306,1,0.9673407321923819,0,1,-1.3182187425016525,-0.29884024250499475,0,3,0,0,0,0,0,1,0,0,0,0
0.2142108562879564,2,1.462790551463621,1,0,-0.8151618780792111,-0.4325148573902855,1,3,0,0,0,1,0,0,0,0,1,0
0.34884158857679,2,-0.8687232173850502,1,0,0.6553120333094635,0.33435530168848804,0,3,0,1,0,0,0,0,0,0,1,0
0.9642963647543149,2,0.9450009414593911,1,0,-0.6603751505646137,0.5102429528533443,1,3,0,1,0,0,0,0,0,0,0,1
1.3874215233763634,0,-0.9258933284862592,1,0,-1.1634320149870552,-1.501911776472612,0,3,0,0,1,0,0,0,0,1,0,0
0.7527337854432907,1,0.45275025443015976,0,0,-1.1634320149870552,0.6157755435522582,1,3,0,0,0,1,0,0,0,0,1,0
1.175858944065339,1,0.7817135109194681,1,1,0.42313194203756754,-1.4315567160066693,0,3,0,0,0,1,0,0,0,1,0,0
0.6373360149100048,1,-0.32095797649181046,1,1,-0.9312519237151591,-0.777254653673404,1,3,0,0,1,0,0,0,0,0,1,0
-0.3050791111118303,0,0.533770281722736,1,0,-0.0025315586275751,-0.5872959904153591,0,2,0,0,1,0,0,0,0,0,0,1
1.406654485131911,0,-1.414149719051319,0,0,1.0035821702173076,-0.18627214575948667,1,3,1,0,0,0,0,0,0,1,0,0
-1.4013579311780466,1,-0.5834378019449735,1,0,1.0809755339746063,0.8127697128568973,1,1,0,1,0,0,0,0,0,0,1,0
1.2143248675764344,2,-0.4908656800425368,1,0,1.2744589433678528,0.7564856644841432,0,3,1,0,0,0,0,0,0,0,0,0
0.5988700913989096,0,-1.1482117912296714,1,0,-1.4343087881376004,-1.7129769578704395,0,3,0,0,0,1,0,0,0,0,0,1
0.8296656324654814,1,0.9544635058250411,1,0,0.15225516888702223,-1.1642074862360878,1,3,0,0,0,0,1,0,1,0,0,0
-1.4975227399557849,1,0.6227095711761823,1,1,1.2744589433678528,-1.33305963135435,0,1,0,0,0,0,0,0,0,0,0,1
1.348955599865268,0,-1.486034924413314,0,0,-1.6664888794094965,0.7705566765773317,0,3,0,0,1,0,0,0,0,0,0,1
1.0989270970431486,0,-1.0894778497598079,1,0,-1.5890955156521978,-0.34105327878456027,0,3,0,0,0,0,1,0,0,0,0,1
-1.382124969422499,0,1.2182262396235148,1,0,0.3457385782802689,-0.8968582564655062,0,1,1,0,0,0,0,0,0,0,1,0
1.3297226381097205,1,0.14331779011434775,1,0,-0.07992492238487377,1.3756101965844374,1,3,1,0,0,0,0,0,1,0,0,0
0.291142703310147,0,-0.9123668456954876,1,0,0.3844352601589182,0.03886404773152941,0,3,0,0,0,0,1,0,1,0,0,0
0.8296656324654814,1,-1.6302292376540588,0,0,1.5840323983970475,0.9323733156489995,0,3,0,0,0,0,0,0,0,0,1,0
-0.8820679637782599,1,1.675281740143319,1,0,-0.0025315586275751,0.918302303555811,0,2,1,0,0,0,0,0,0,0,0,1
-0.47817576691175917,2,1.2315815255038254,1,0,1.6227290802756968,-0.277733724365212,0,2,0,0,0,0,1,0,1,0,0,0
-1.2090283136225701,0,-0.31115734558995645,1,0,0.5005253057948662,-0.277733724365212,0,2,0,0,0,0,1,0,0,1,0,0
-1.1128635048448319,0,-1.5835487642156503,1,0,0.07486180512972357,0.9323733156489995,1,2,0,0,0,0,0,0,1,0,0,0
0.32960862682124237,0,-0.3072040890031469,1,1,-1.6277921975308471,0.8479472430898685,0,3,0,0,0,0,1,0,0,0,0,1
-0.18968134057854436,0,0.11337108767121756,1,0,-0.04122824050622443,-0.43955036343687975,1,2,0,0,1,0,0,0,0,0,0,1
0.6181030531544571,1,-0.9289272726919405,1,0,-0.19601496802082177,0.306213277502111,0,3,0,0,0,0,0,1,0,0,0,1
0.8296656324654814,2,-1.5068089783275127,1,0,1.4292456708824501,0.278071253315734,0,3,0,0,1,0,0,0,0,0,0,1
1.3297226381097205,2,-0.4187200213514479,1,1,-1.279522060623003,1.6359239203084248,0,3,0,0,1,0,0,0,0,1,0,0
-0.40124391988956853,0,1.5812570238616395,1,1,-1.5503988337735484,-0.09481056715376139,1,2,0,0,0,0,0,1,0,1,0,0
-1.093630543089284,2,-0.14354243848332698,1,0,-1.4730054700162498,-1.0094263532110141,0,2,0,1,0,0,0,0,0,0,0,0
-0.208914302334092,1,-0.9888323921510441,1,0,1.1583688977319049,-0.7561481355336211,0,2,0,0,0,0,0,0,0,1,0,0
-1.093630543089284,0,-1.024679733807854,1,0,1.2744589433678528,-0.8265031959995637,1,2,0,0,0,0,1,0,0,0,0,0
-1.439823854689142,0,-0.7055993017832015,0,0,-1.2021286968657043,0.83387623099668,0,1,0,0,0,1,0,0,0,0,0,1
-0.07428357004525842,2,-0.2124803331557716,1,0,1.3131556252465022,0.4328523863408076,0,3,0,0,0,1,0,0,0,1,0,0
1.0796941352876008,0,1.1632234464306999,0,1,-0.2734083317781204,0.306213277502111,1,3,0,0,0,0,1,0,0,0,1,0
-1.5936875487335231,1,0.45152650181281406,1,1,1.2357622614892037,1.2560065937923353,0,1,1,0,0,0,0,0,0,0,0,0
0.848898594221029,0,1.1955916752234226,1,0,-0.9699486055938085,1.6499949324016132,0,3,0,1,0,0,0,0,0,1,0,0
1.464353370398554,1,-0.7591358998256331,0,0,-1.3569154243803017,-1.7340834760102224,0,3,0,1,0,0,0,0,0,0,0,1
-1.2859601606447606,1,-0.11576597300903077,0,0,0.2296485326443209,0.32028428959529953,0,2,0,1,0,0,0,0,1,0,0,0
-1.1320964666003794,1,-0.5001984587498083,0,0,-1.511702151894899,0.8268407249500858,0,2,0,1,0,0,0,0,0,0,0,1
-1.3051931224003084,0,-0.9607249528520008,1,0,0.4618286239162169,-1.445627728099858,0,2,0,0,0,0,1,0,0,1,0,0
-0.05505060828971076,0,1.6454358589820044,0,1,-0.6603751505646137,-1.6848349336840625,0,3,0,1,0,0,0,0,0,0,1,0
0.9450634029987673,1,-1.4148078758305234,0,0,-1.2021286968657043,0.5383849770397213,0,3,0,0,1,0,0,0,0,0,0,0
-0.4589428051562115,1,-1.3668732814073434,1,0,-0.07992492238487377,0.5665270012260983,0,2,1,0,0,0,0,0,0,0,1,0
-1.4013579311780466,0,-0.6905187341113196,1,0,0.5779186695521649,0.39063935006124206,0,1,0,1,0,0,0,0,0,1,0,0
0.8873645177321243,1,-0.9866153809936868,1,0,0.42313194203756754,0.42581688029421333,0,3,1,0,0,0,0,0,0,0,0,0
0.6181030531544571,1,0.347680603584822,0,0,-0.15731828614217244,-1.473769752286235,0,3,0,0,0,0,1,0,0,0,1,0
-1.3628920076669513,2,0.907483834621209,1,0,-0.7377685143219125,-1.417485703913481,0,1,0,0,0,0,1,0,0,0,0,0
-0.7474372314894263,2,-1.7320593998614662,0,0,-1.395612106258951,1.0238348942547248,1,2,0,1,0,0,0,0,0,0,0,1
1.0989270970431486,0,-0.26859150551151456,0,0,0.9261888064600089,-0.07370404901397863,0,3,0,0,0,0,0,1,1,0,0,0
0.5796371296433619,2,0.5922644677065249,0,0,-0.6216784686859644,-1.6777994276374684,1,3,0,0,0,0,1,0,0,1,0,0
0.4450063973545283,2,1.7232905595887071,0,0,0.07486180512972357,1.0519769184411019,0,3,0,1,0,0,0,0,0,1,0,0
-0.5358746521784021,0,0.00193540603387169,1,0,-1.1247353331084058,0.5946690254124753,0,2,1,0,0,0,0,0,1,0,0,0
-0.6705053844672357,2,0.8555373233813356,1,1,-0.6990718324432631,0.890160279369434,0,2,0,0,0,1,0,0,0,0,0,0
-0.8436020402671646,0,0.5588080690962697,1,0,-0.2347116498994711,0.12329012029066044,0,2,0,0,1,0,0,0,0,0,1,0
-1.382124969422499,0,1.3493969426566612,1,0,-0.6216784686859644,0.20771619284979148,1,1,0,0,0,0,1,0,0,0,1,0
0.6950349001766478,1,0.06523332856899994,1,0,-0.4668917411713671,-0.17220113366629816,0,3,0,0,1,0,0,0,0,0,1,0
0.4834723208656236,1,0.46309141296000994,1,0,-1.6664888794094965,-0.9179647746052889,0,3,0,1,0,0,0,0,0,0,0,1
-1.5552216252224278,2,0.603795455389656,0,1,1.3518523071251516,0.05997056587131217,1,1,0,0,0,0,0,1,0,0,0,0
-1.6321534722446185,0,0.04877015297854528,0,0,0.3457385782802689,0.8549827491364628,0,1,0,1,0,0,0,0,0,0,0,1
0.291142703310147,2,-0.8215511004703582,1,0,0.8100987608240608,0.5172784588999386,0,3,0,0,0,0,1,0,0,0,0,0
1.3874215233763634,1,1.7197048430474209,1,1,-0.38949837741406845,-0.41140833925050274,0,3,0,1,0,0,0,0,0,0,0,1
-0.4589428051562115,2,1.6087872607557037,1,0,-0.9312519237151591,0.7213081342511719,1,2,0,0,0,1,0,0,1,0,0,0
0.5988700913989096,2,-0.7321800295922126,0,0,0.2296485326443209,-1.1290299560031165,1,3,0,1,0,0,0,0,0,0,0,1
0.7911997089543861,0,1.450929678848069,0,0,0.07486180512972357,-0.1088815792469499,0,3,0,1,0,0,0,0,1,0,0,0
1.522052255665197,2,-1.2427867750364663,1,0,-1.5503988337735484,-1.2415980527486246,1,3,0,0,0,0,0,0,1,0,0,0
-0.208914302334092,1,-1.4798686325628665,0,1,0.15225516888702223,1.502249305423134,1,2,0,0,0,0,1,0,0,0,0,1
-1.2474942371336655,0,-1.619693614601102,1,1,-0.8925552418365098,0.20068068680319723,1,2,0,0,0,1,0,0,1,0,0,0
-0.208914302334092,1,1.7027096160878765,1,0,-1.395612106258951,-0.24959170017883495,1,2,0,0,0,1,0,0,0,1,0,0
-0.47817576691175917,1,-0.7183263041089465,1,0,0.5779186695521649,-0.8405742080927522,1,2,1,0,0,0,0,0,0,0,0,0
1.0412282117765055,0,-0.09103092814136897,1,0,-0.8925552418365098,-0.2284851820390522,0,3,0,1,0,0,0,0,0,1,0,0
1.3874215233763634,0,0.3169182360678497,1,0,1.506639034639749,0.3413908077350823,0,3,0,1,0,0,0,0,0,0,0,1
-1.0743975813337365,0,0.445561890359896,1,1,-0.0025315586275751,-0.7350416173938384,0,2,0,0,0,0,1,0,0,0,1,0
1.175858944065339,0,-0.5594165879880849,0,0,1.7001224440329956,-0.8687162322791292,1,3,0,0,0,0,0,1,1,0,0,0
-0.3820109581340209,2,-0.18548274489393451,1,0,-0.582981786807315,0.9253378096024053,1,2,0,0,0,0,0,0,1,0,0,0
-1.5552216252224278,1,1.3490107919269545,0,1,-1.395612106258951,-0.777254653673404,0,1,1,0,0,0,0,0,0,0,0,1
0.07958012399912283,0,0.7271254074131985,1,0,-0.8538585599578604,0.5102429528533443,0,3,0,0,0,0,1,0,0,0,0,0
-0.5551076139339498,2,-0.03731358647093015,1,0,-0.5055884230500164,1.6077818961220478,0,2,0,1,0,0,0,0,0,0,0,0
-1.2282612753781177,0,-0.6325864299597602,1,0,1.7388191259116448,0.8479472430898685,1,2,0,0,0,0,1,0,1,0,0,0
-0.09351653180080607,1,-1.4318232757608154,1,0,-0.6216784686859644,1.368574690537843,0,3,0,1,0,0,0,0,0,0,1,0
1.3297226381097205,2,0.4390067780413155,1,0,-1.3569154243803017,-0.334017772737966,0,3,0,1,0,0,0,0,1,0,0,0
0.9450634029987673,2,-0.3512534687047824,1,0,-0.8151618780792111,-0.9953553411178258,1,3,0,0,0,0,0,1,0,0,0,1
-0.22814726408963965,2,-0.08544475203428342,0,0,-0.2734083317781204,-1.6777994276374684,1,2,0,0,0,0,0,0,0,0,1,0
1.2527907910875298,2,0.3630239711676466,1,0,-0.8925552418365098,-1.3541661494941326,0,3,0,0,0,0,1,0,1,0,0,0
0.25267677979905173,2,-0.12219130221058228,0,0,-0.38949837741406845,1.192687039372987,0,3,0,0,0,0,1,0,0,0,1,0
-1.5552216252224278,1,1.503405310318231,1,0,-1.395612106258951,-1.3541661494941326,0,1,0,0,0,0,1,0,0,1,0,0
1.6374500261984828,2,0.16338136072065748,1,0,0.19095185076567156,-0.3551242908777487,0,3,0,0,0,0,1,0,0,0,0,1
0.291142703310147,1,0.9160007377900821,1,0,1.5453357165183983,-1.1431009680963051,0,3,0,0,0,0,0,0,0,0,1,0
0.6373360149100048,1,-1.3459640425320805,1,0,0.9648854883386583,1.0590124244876962,1,3,0,1,0,0,0,0,1,0,0,0
-1.1128635048448319,0,-0.2007375485260438,0,1,1.0809755339746063,-0.9883198350712314,1,2,0,0,1,0,0,0,1,0,0,0
0.7719667471988384,0,-1.6370738334841832,0,0,-0.8925552418365098,-1.0446038834439855,0,3,1,0,0,0,0,0,0,0,0,0
1.1566259823097915,2,1.3286520532150363,1,0,-0.8151618780792111,-0.5169409299494165,0,3,1,0,0,0,0,0,0,0,0,0
-0.32431207286737795,2,-0.5261185821029531,1,0,-0.5055884230500164,1.4248587389105971,1,2,1,0,0,0,0,0,1,0,0,0
1.1950919058208869,2,-0.8525167259890359,1,0,-1.6664888794094965,-0.277733724365212,0,3,0,1,0,0,0,0,0,0,1,0
-1.4590568164446895,1,-1.6639663105460303,0,1,0.1135584870083729,1.4389297510037857,0,1,1,0,0,0,0,0,0,0,1,0
0.4450063973545283,1,-1.3923731115875202,1,0,1.6614257621543462,-0.0033489885480361037,0,3,0,0,0,0,1,0,0,0,1,0
-0.9205338872893553,0,-1.645121863018621,1,0,1.4679423527610995,1.0167993882081305,0,2,0,1,0,0,0,0,0,1,0,0
-0.208914302334092,0,0.17809477026840873,1,0,-0.19601496802082177,-0.9320357866984774,1,2,1,0,0,0,0,0,0,1,0,0
-1.4782897782002373,2,1.3554045186719377,1,0,-1.0860386512297564,1.2982196300719007,0,1,0,0,0,0,1,0,1,0,0,0
1.137393020554244,2,-0.13825214820014295,1,0,-1.2408253787443537,-1.5652313308919603,0,3,0,0,0,0,0,0,0,0,0,1
-1.0551646195781887,1,-1.3556086070918272,1,0,-1.6664888794094965,0.29917777145551677,0,2,0,1,0,0,0,0,0,0,1,0
-0.016584684778615452,0,0.9401561133797466,1,0,0.8100987608240608,0.6017045314590697,0,3,0,1,0,0,0,0,0,0,0,0
1.1181600587986962,0,-1.3507893786349143,0,1,-0.4668917411713671,-0.2566272062254292,0,3,0,1,0,0,0,0,0,1,0,0
0.6181030531544571,1,-1.7423082257386298,1,0,1.5453357165183983,1.1152964728604502,1,3,0,0,0,0,1,0,0,1,0,0
1.4258874468874587,2,1.2153164455900054,0,0,-1.0086452874724579,-1.2415980527486246,1,3,0,0,0,1,0,0,0,0,1,0
0.34884158857679,0,-1.2684851655531255,1,0,-0.3121050136567698,0.5805980133192868,0,3,0,0,0,0,0,1,0,0,0,1
-1.766784204533452,1,0.7376445958241992,1,1,-0.7377685143219125,0.18660967471000872,0,0,0,1,0,0,0,0,0,0,1,0
0.4834723208656236,1,-0.8480544233821081,0,1,-1.4730054700162498,-0.9461067987916659,0,3,0,0,1,0,0,0,0,0,0,0
1.0796941352876008,2,0.3771360295229887,1,0,-1.1247353331084058,-0.305875748551589,0,3,0,1,0,0,0,0,0,0,1,0
0.8873645177321243,1,1.6776670911631213,0,0,0.7327053970667622,0.5735625072726926,0,3,0,0,0,0,1,0,0,0,0,1
0.09881308575467047,1,-1.1192230297820738,1,0,-1.395612106258951,0.12329012029066044,0,3,0,0,0,0,1,0,0,1,0,0
0.06034716224357517,0,-0.7640416325275518,1,1,1.1583688977319049,0.3695328319214593,0,3,0,0,0,0,1,0,0,1,0,0
0.5027052826211712,1,0.34295756584527803,1,0,0.8874921245813595,-0.43955036343687975,1,3,0,0,0,1,0,0,1,0,0,0
-0.32431207286737795,1,-1.3882412873049264,0,0,0.9261888064600089,-0.4325148573902855,1,2,0,1,0,0,0,0,0,1,0,0
1.4451204086430063,2,-0.8898630097269293,1,0,0.8487954427027102,1.44596525705038,1,3,0,0,0,0,0,0,0,0,0,0
1.175858944065339,0,-0.1742325835835399,1,1,-0.19601496802082177,-0.6435800387881131,1,3,1,0,0,0,0,0,0,0,0,0
1.5412852174207445,2,-1.191484677847178,1,0,-1.1247353331084058,1.1504740030934213,0,3,0,0,0,0,1,0,0,1,0,0
-0.7859031550005217,0,0.05631598694491827,1,0,-1.6664888794094965,-1.1993850164690592,0,2,0,0,1,0,0,0,0,0,1,0
0.848898594221029,0,1.2273397334139347,0,0,-0.04122824050622443,-0.5661894722755764,1,3,0,1,0,0,0,0,0,0,0,1
1.348955599865268,0,0.434703753796188,1,0,0.4618286239162169,0.34842631378167654,1,3,0,1,0,0,0,0,0,0,0,1
-0.035817646534163104,0,1.5411277763665092,1,0,1.5453357165183983,1.502249305423134,0,3,0,1,0,0,0,0,0,0,1,0
-0.15121541706744904,2,0.39596099136746504,0,1,0.1135584870083729,1.0097638821615362,1,3,0,0,1,0,0,0,0,0,0,0
-0.266613187600735,0,-0.7173285516229204,1,1,-0.5055884230500164,-1.3752726676339153,0,2,0,0,0,0,0,1,0,0,1,0
0.848898594221029,2,0.21417874858492156,0,1,-1.1634320149870552,1.1997225454195812,1,3,0,0,0,0,0,1,0,0,0,1
1.021995250020958,0,-0.7964320590833728,1,1,-1.2021286968657043,-0.05259753087419587,1,3,0,0,1,0,0,0,0,0,1,0
0.36807455033233766,1,-1.017383041247754,1,0,-1.2021286968657043,-0.1651656276197039,0,3,0,0,0,0,0,0,0,1,0,0
-0.8820679637782599,1,0.297658342404843,0,0,-0.6216784686859644,-1.2275270406554362,0,2,0,0,0,0,1,0,0,0,1,0
-0.5743405756894975,0,-1.1272525466505614,1,0,-1.0860386512297564,1.2278645696059582,0,2,0,0,0,1,0,0,0,0,1,0
-0.8051361167560693,2,1.0442651242325696,1,1,0.7714020789454116,-0.2284851820390522,1,2,1,0,0,0,0,0,0,1,0,0
0.6373360149100048,0,0.20600792381987817,1,0,-0.1186216042635231,1.3826457026310317,0,3,0,1,0,0,0,0,0,0,0,1
-0.1319824553119014,0,-0.858188988294059,1,0,-0.5442851049286658,1.0730834365808846,0,3,0,0,0,0,0,0,0,0,0,1
-0.9974657343115458,2,0.5434623096670101,1,0,-0.3508016955354191,1.4107877268174087,0,2,1,0,0,0,0,0,0,0,1,0
-1.3051931224003084,1,-1.1466363104785975,1,0,-0.8925552418365098,1.4248587389105971,1,2,0,1,0,0,0,0,0,0,0,1
1.5605181791762923,0,-0.7567674385150228,1,1,1.5840323983970475,-0.7209706053006499,0,3,0,0,0,1,0,0,0,0,0,1
-0.766670193244974,1,0.42378060187198274,1,0,0.9261888064600089,-1.1008879318167395,0,2,0,1,0,0,0,0,0,0,0,0
0.1757449327768611,1,1.6006594485538679,1,0,-0.8538585599578604,0.946444327742188,0,3,0,0,0,0,0,1,0,0,0,0
0.15651197102131345,1,1.725661781705643,1,0,0.6166153514308143,-0.15813012157310966,0,3,0,0,0,0,1,0,0,1,0,0
-0.4589428051562115,2,-0.491766250636862,1,1,1.5840323983970475,-1.3189886192611613,0,2,0,1,0,0,0,0,0,0,0,1
0.291142703310147,0,-1.145777253858218,0,1,1.0809755339746063,0.003686517498558149,0,3,0,1,0,0,0,0,1,0,0,0
0.6758019384211001,0,-1.7246901288894023,1,0,-0.5442851049286658,0.45395890448059034,1,3,0,0,0,0,0,0,0,0,0,1
0.733500823687743,0,1.0718629320549853,1,0,0.2683452145229702,-0.9390712927450717,0,3,1,0,0,0,0,0,0,0,0,1
-0.6897383462227834,0,-0.5394860607862831,1,0,1.390548989003801,-0.8687162322791292,0,2,0,0,0,0,1,0,0,0,1,0
0.4834723208656236,0,-0.7936014814637518,0,1,0.3844352601589182,-0.749112629487027,0,3,0,0,0,0,0,1,0,0,0,0
-1.3051931224003084,0,0.6306734801353916,1,0,-0.15731828614217244,-1.2064205225156532,1,2,0,1,0,0,0,0,1,0,0,0
-1.0359316578226412,2,1.2089385482286439,0,0,-1.047341969351107,1.1504740030934213,0,2,0,1,0,0,0,0,0,0,1,0
0.38730751208788533,1,-1.7435901039036599,0,0,-1.4730054700162498,-1.5652313308919603,1,3,0,0,0,0,1,0,1,0,0,0
-0.32431207286737795,2,1.51701532247739,1,1,-1.6277921975308471,1.3263616542582777,0,2,0,0,0,0,0,0,0,0,0,1
0.5988700913989096,0,1.4656760631065453,1,0,0.19095185076567156,1.1786160272797983,1,3,0,1,0,0,0,0,1,0,0,0
-0.05505060828971076,0,1.2144153828743085,1,1,-1.047341969351107,0.6298465556454467,0,3,0,0,0,1,0,0,0,0,0,1
-0.11274949355635373,2,-0.4330803190724502,1,0,0.07486180512972357,0.6157755435522582,1,3,0,1,0,0,0,0,1,0,0,0
-1.7090853192668092,1,1.0495051207759478,1,0,0.7327053970667622,1.7344210049607443,0,0,0,0,1,0,0,0,0,0,0,1
-1.5167557017113324,2,-0.8398301166397387,1,1,-1.5503988337735484,1.5514978477492938,1,1,1,0,0,0,0,0,0,0,0,1
-1.6706193957557138,2,-1.3096301762887896,0,0,0.19095185076567156,-1.1642074862360878,1,0,0,1,0,0,0,0,0,1,0,0
-1.151329428355927,0,-0.6098458402531871,0,0,-1.2408253787443537,-0.4325148573902855,0,2,0,0,0,0,1,0,0,0,0,1
-0.47817576691175917,0,0.23166481352150245,0,0,-1.1247353331084058,-0.5521184601823879,1,2,0,0,0,0,0,1,0,0,1,0
0.733500823687743,0,0.7077497702924708,1,0,0.6553120333094635,1.4248587389105971,1,3,0,0,0,0,0,0,0,0,1,0
1.522052255665197,1,-0.7632527081333728,1,0,1.5453357165183983,0.6579885798318237,0,3,0,0,1,0,0,0,0,1,0,0
-1.093630543089284,0,-0.40037136858905503,1,0,0.4618286239162169,-0.1088815792469499,0,2,0,0,0,0,0,1,0,0,0,0
-1.266727198889213,0,0.5356932491627758,0,0,0.3457385782802689,1.2911841240253064,0,2,0,1,0,0,0,0,0,1,0,0
-1.4205908929335942,0,1.0590452152864827,1,0,-0.19601496802082177,0.7635211705307374,1,1,0,1,0,0,0,0,0,1,0,0
0.906597479487672,1,-0.742928592827102,1,0,0.3844352601589182,0.1584676505236317,1,3,0,0,1,0,0,0,0,0,1,0
1.522052255665197,0,-1.164392502823835,1,1,0.30704189640161955,-0.9038937625121004,1,3,0,0,0,0,1,0,1,0,0,0
-1.3628920076669513,1,-0.6170920062472052,0,1,-1.3569154243803017,-0.5591539662289821,1,1,0,0,0,0,1,0,0,0,1,0
-1.7090853192668092,0,-0.9647467203823593,0,1,-0.8151618780792111,0.5665270012260983,0,0,0,0,0,0,0,1,1,0,0,0
0.6565689766655525,1,-1.1741491807590192,1,1,0.7714020789454116,0.22882271098957424,1,3,0,1,0,0,0,0,1,0,0,0
0.19497789453240877,1,0.8868227961736651,0,0,1.5453357165183983,-1.2204915346088419,0,3,0,0,1,0,0,0,0,0,1,0
-1.4590568164446895,2,-1.1505673269482952,0,1,1.7001224440329956,1.305255136118495,0,1,0,0,0,0,0,0,0,1,0,0
-1.4782897782002373,1,0.29176585905546937,0,0,-1.2021286968657043,1.0660479305342903,0,1,0,0,1,0,0,0,0,1,0,0
1.1950919058208869,0,-0.33477086587961136,1,1,1.1196722158532555,-0.5450829541357936,0,3,0,0,0,0,1,0,0,1,0,0
-0.11274949355635373,2,0.43044921743218095,1,0,0.7327053970667622,-0.1370236034333269,1,3,0,0,0,0,0,1,0,1,0,0
1.2912567145986251,0,-0.3381426921723478,1,0,-1.1634320149870552,1.5092848114697281,0,3,0,0,0,0,1,0,0,0,0,1
-1.6321534722446185,1,-1.1567400269241657,0,0,-0.1186216042635231,-1.2204915346088419,1,1,0,0,1,0,0,0,0,1,0,0
0.06034716224357517,1,0.43004970813925925,0,0,-0.8925552418365098,-0.4887989057630395,0,3,0,0,0,0,1,0,0,0,0,1
-0.5935735374450452,0,-1.434323849077659,1,1,-1.3569154243803017,-1.6074443671715257,0,2,0,0,0,0,1,0,0,0,0,1
-1.3436590459114037,2,1.1272164182975843,1,0,-1.6664888794094965,1.368574690537843,0,1,0,0,0,0,1,0,0,0,0,1
0.848898594221029,2,-1.7556408311590201,1,1,-1.047341969351107,0.9323733156489995,0,3,0,0,0,0,0,1,1,0,0,0
-0.5551076139339498,2,-0.5152656016363163,1,0,-1.0086452874724579,0.4187813742476191,0,2,0,0,0,0,1,0,0,0,0,1
-1.6321534722446185,0,1.0465866770975916,1,0,-0.1186216042635231,0.37656833796805356,1,1,0,1,0,0,0,0,0,0,1,0
1.2335578293319822,0,0.06083998424159706,0,1,1.1970655796105543,0.06700607191790642,0,3,0,0,0,0,0,1,1,0,0,0
0.002648276976932204,0,-0.03331842463775565,1,0,0.2683452145229702,1.1575095091400156,1,3,1,0,0,0,0,0,0,0,0,0
-0.9205338872893553,0,0.838863059323019,1,1,0.3457385782802689,1.248971087745741,0,2,0,0,0,0,0,1,0,0,0,1
1.0796941352876008,1,0.4110620531690372,1,1,0.2683452145229702,1.1082609668138559,0,3,1,0,0,0,0,0,0,0,0,1
1.348955599865268,0,0.3327985173374357,0,0,1.5453357165183983,-0.5943314964619534,0,3,1,0,0,0,0,0,1,0,0,0
0.07958012399912283,0,-0.6560518991547066,1,0,-0.6603751505646137,-1.2275270406554362,0,3,1,0,0,0,0,0,0,0,0,0
1.5797511409318399,0,-0.4038968823603641,1,0,-0.4281950592927178,-0.34105327878456027,0,3,0,0,1,0,0,0,1,0,0,0
-0.32431207286737795,0,0.40164988816312286,0,0,0.6553120333094635,0.7283436402977662,0,2,0,0,0,0,1,0,1,0,0,0
0.7142678619321955,1,-1.626954954186715,1,0,1.4679423527610995,0.20771619284979148,1,3,0,0,0,0,0,1,0,0,0,1
-0.5551076139339498,0,-0.7553753510221393,1,1,0.8874921245813595,0.5524559891329098,0,2,0,0,1,0,0,0,0,1,0,0
-0.6512724227116881,1,1.3986474621032972,0,0,1.1583688977319049,-1.2064205225156532,0,2,0,1,0,0,0,0,0,0,0,0
0.32960862682124237,1,-0.8819496162354908,0,0,0.5392219876735156,1.312290642165089,0,3,0,0,0,1,0,0,0,0,1,0
0.5604041678878142,1,-1.2400550714922527,0,0,-0.3508016955354191,1.0660479305342903,1,3,0,0,0,0,1,0,0,1,0,0
-1.5167557017113324,1,1.1011153233396775,1,0,1.042278852095957,0.29917777145551677,0,1,0,0,0,0,0,1,1,0,0,0
-0.17044837882299668,1,0.8231889054063997,0,0,-1.3182187425016525,1.6288884142618305,0,2,0,0,0,0,0,1,0,0,0,1
0.5796371296433619,1,0.4992373370109799,1,1,1.1970655796105543,-1.1571719801894935,0,3,0,0,1,0,0,0,0,0,1,0
-0.2858461493562826,2,1.17138606268024,0,0,-0.6990718324432631,0.2921422654089225,0,2,0,0,0,0,0,0,0,0,0,1
0.13727900926576578,2,1.1827009800119945,1,0,-0.8925552418365098,0.9956928700683478,0,3,0,0,0,0,0,1,0,0,0,0
-0.7859031550005217,1,-1.4458171588209086,1,0,-1.3182187425016525,0.024793035638340906,0,2,0,0,1,0,0,0,0,1,0,0
-1.7475512427779043,2,0.33689579494137356,1,1,1.5453357165183983,-0.5661894722755764,0,0,0,0,0,0,1,0,0,0,0,0
-0.32431207286737795,2,-0.44044367359720943,0,0,1.7388191259116448,1.502249305423134,1,2,0,0,0,0,1,0,0,0,1,0
1.0027622882654104,1,0.28427941808023044,1,0,0.8874921245813595,-0.09481056715376139,0,3,0,0,0,0,0,1,0,0,1,0
0.9642963647543149,0,-0.4953439520148463,1,0,-0.4668917411713671,-0.7068995932074614,0,3,0,1,0,0,0,0,1,0,0,0
0.38730751208788533,2,1.293689838326814,1,0,-0.9312519237151591,-0.9953553411178258,1,3,0,0,1,0,0,0,1,0,0,0
-0.6897383462227834,1,1.32228765352861,1,1,1.7001224440329956,1.0097638821615362,1,2,0,0,0,0,0,1,0,0,0,0
-0.7859031550005217,2,0.039835013434785606,1,0,0.30704189640161955,-1.7762965122897878,0,2,0,0,0,0,1,0,0,0,0,1
-0.15121541706744904,2,-0.38725192303858885,0,0,1.7388191259116448,1.6992434747277732,1,3,0,0,0,0,1,0,0,0,0,0
-1.7090853192668092,0,0.268348897300984,1,0,1.1583688977319049,-1.3752726676339153,0,0,0,0,0,0,1,0,0,0,1,0
0.06034716224357517,1,-0.013378491062326248,1,1,-1.1247353331084058,0.3976748561078363,0,3,0,0,0,1,0,0,0,1,0,0
-0.4204768816451162,0,0.46796699773234285,0,0,0.5005253057948662,-0.6717220629744901,0,2,0,0,1,0,0,0,0,0,0,1
1.3681885616208158,0,1.1737509601453824,1,0,1.0809755339746063,1.1293674849536386,0,3,0,0,0,0,1,0,1,0,0,0
1.464353370398554,1,1.5155426628073878,1,0,0.1135584870083729,1.6218529082152362,1,3,0,0,0,0,0,1,0,0,0,0
0.02188123873247986,1,-1.0666140616392745,1,0,-1.6277921975308471,1.0379059063479132,1,3,0,0,0,0,1,0,0,0,0,1
-0.266613187600735,2,1.6440191279804501,1,0,1.5840323983970475,1.0238348942547248,0,2,0,0,0,0,1,0,1,0,0,0
0.2142108562879564,0,-0.8397939338432457,1,1,-0.8925552418365098,-0.1088815792469499,1,3,0,0,1,0,0,0,0,1,0,0
1.6374500261984828,2,-1.1876613869802348,1,0,-0.3121050136567698,-1.389343679727104,0,3,0,0,0,0,1,0,1,0,0,0
-0.5551076139339498,1,0.563408638282526,0,1,0.03616512325107423,-0.7350416173938384,0,2,0,0,0,0,1,0,0,0,0,1
1.137393020554244,0,0.5456842812770002,1,1,0.30704189640161955,1.5655688598424822,1,3,0,0,0,0,1,0,0,1,0,0
1.2143248675764344,2,1.1324426365413987,0,1,0.8100987608240608,1.3826457026310317,0,3,0,0,1,0,0,0,0,0,0,1
1.5412852174207445,2,0.8558990392207159,0,0,-0.6990718324432631,1.0097638821615362,0,3,0,0,1,0,0,0,0,0,0,0
0.291142703310147,1,-0.6713017917796308,1,0,0.42313194203756754,1.248971087745741,1,3,0,1,0,0,0,0,0,0,1,0
0.4450063973545283,2,1.6430643630267743,1,0,-1.5890955156521978,-0.038526518781007366,0,3,1,0,0,0,0,0,0,0,1,0
1.3297226381097205,0,0.7465734354558328,0,0,0.5392219876735156,0.17253866261682022,1,3,0,0,0,0,0,1,0,0,1,0
-0.6897383462227834,2,0.09666346986893917,1,0,-0.07992492238487377,-0.3480887848311545,0,2,0,0,0,1,0,0,1,0,0,0
-0.17044837882299668,0,1.5913653015600635,1,0,-1.3569154243803017,0.249929229129357,1,2,0,0,0,1,0,0,0,0,0,1
0.40654047384343295,0,0.9105035352432089,1,1,0.1135584870083729,-0.5380474480891994,1,3,0,0,0,0,1,0,0,0,0,1
1.6566829879540306,2,-1.746222811137722,0,0,-0.2347116498994711,-0.38326631506412573,1,3,0,0,0,0,1,0,0,0,0,0
1.3874215233763634,0,0.8186834270127049,1,0,0.6166153514308143,0.5032074468067501,0,3,0,0,0,0,1,0,0,1,0,0
-0.8628350020227122,0,1.4820432336662275,1,0,-1.4343087881376004,-1.2064205225156532,0,2,0,1,0,0,0,0,1,0,0,0
-0.40124391988956853,1,1.318528231035564,0,0,0.9648854883386583,1.2419355816991466,1,2,0,0,0,0,1,0,0,0,0,0
-1.6898523575112614,2,0.15942697378327617,1,0,-0.6216784686859644,0.40471036215443057,1,0,0,0,0,1,0,0,0,0,0,1
-0.9782327725559982,1,1.7380906886848762,1,0,-0.8925552418365098,-0.5169409299494165,0,2,0,1,0,0,0,0,0,1,0,0
1.0989270970431486,2,-1.3207038982564816,1,0,-0.15731828614217244,1.3545036784446547,0,3,0,0,0,0,1,0,1,0,0,0
0.002648276976932204,1,1.3735087956407348,1,0,-1.1247353331084058,1.6781369565879902,0,3,1,0,0,0,0,0,1,0,0,0
-0.9974657343115458,2,-0.9852881908521193,1,0,0.1135584870083729,-1.0797814136769568,0,2,0,0,0,0,1,0,0,0,0,0
1.464353370398554,0,-0.5653799417690037,1,0,1.0035821702173076,1.3193261482116834,1,3,0,1,0,0,0,0,1,0,0,0
1.1181600587986962,0,0.08747201580537256,0,0,-0.9699486055938085,-0.9531423048382602,0,3,1,0,0,0,0,0,0,0,0,0
1.0412282117765055,1,0.785444131865138,1,0,1.1196722158532555,-0.6857930750676786,0,3,0,0,0,0,0,0,0,0,0,1
1.4451204086430063,0,1.2303997802714883,1,0,0.15225516888702223,1.305255136118495,0,3,0,0,0,0,1,0,1,0,0,0
-0.9013009255338076,1,-0.9750780023746393,0,0,0.6166153514308143,1.0590124244876962,1,2,0,0,0,0,1,0,0,0,0,0
-1.3628920076669513,0,-0.20542438065850163,0,0,1.3518523071251516,1.0941899547206673,1,1,0,1,0,0,0,0,0,1,0,0
0.8873645177321243,0,-0.013848188905138798,1,0,-1.3182187425016525,-0.9320357866984774,0,3,0,1,0,0,0,0,0,0,0,0
-0.7282042697338786,1,1.2485933317463034,1,0,0.6940087151881129,-0.7561481355336211,0,2,0,1,0,0,0,0,0,0,1,0
-1.1320964666003794,2,1.0857856591062396,1,0,1.3518523071251516,-1.5230182946123947,0,2,0,0,0,1,0,0,0,0,0,1
0.9642963647543149,1,0.08425426790330498,1,0,-0.2347116498994711,-0.3691953029709372,1,3,0,0,0,0,0,0,0,1,0,0
-0.49740872866730684,1,-0.1811679903791768,1,0,-0.38949837741406845,0.045899553778123665,0,2,1,0,0,0,0,0,0,0,0,1
1.0412282117765055,1,0.7099680579366571,1,0,0.30704189640161955,1.6148174021686421,0,3,0,1,0,0,0,0,1,0,0,0
0.13727900926576578,2,0.8582092958429329,1,0,-0.7764651962005618,1.7133144868209615,0,3,0,1,0,0,0,0,1,0,0,0
0.9258304412432197,1,0.6724200492241549,0,0,-0.582981786807315,1.7273854989141502,1,3,1,0,0,0,0,0,0,0,0,1
0.8104326707099337,2,-1.5352767282905755,0,1,0.2296485326443209,0.6298465556454467,0,3,0,0,0,0,1,0,0,1,0,0
-0.49740872866730684,0,-0.329835122538897,0,0,-1.3182187425016525,-1.1360654620497108,0,2,0,0,1,0,0,0,0,0,0,0
-0.035817646534163104,1,-0.8511358700204926,1,0,-0.4668917411713671,0.7986987007637087,1,3,0,1,0,0,0,0,0,1,0,0
-0.4589428051562115,2,0.08739983096904023,1,0,1.3131556252465022,1.6851724626345845,1,2,0,0,0,1,0,0,1,0,0,0
-0.6897383462227834,2,1.4369081343281795,1,0,-1.6277921975308471,0.15143214447703746,0,2,0,1,0,0,0,0,0,0,0,1
0.9642963647543149,0,1.6660667055737604,1,0,0.15225516888702223,0.7213081342511719,1,3,0,0,0,0,0,0,0,0,0,1
1.6374500261984828,2,-0.25234489582695213,1,0,-0.1186216042635231,-0.3762308090175315,0,3,0,1,0,0,0,0,0,0,0,1
-0.266613187600735,0,-0.8226273300741859,0,0,1.4679423527610995,0.7846276886705202,0,2,0,0,1,0,0,0,0,0,0,1
0.09881308575467047,0,0.41721902345586614,0,0,-1.6277921975308471,-0.18627214575948667,0,3,1,0,0,0,0,0,0,0,1,0
-1.7283182810223567,0,0.8954176751737523,1,0,-0.6603751505646137,1.6922079686811788,0,0,0,1,0,0,0,0,1,0,0,0
-0.8051361167560693,1,-1.4068922384483153,0,0,-1.0086452874724579,1.389681208677626,0,2,0,1,0,0,0,0,0,1,0,0
0.9642963647543149,1,-0.9830794754015921,1,0,1.6614257621543462,0.48210092866696735,0,3,0,1,0,0,0,0,0,0,1,0
-0.09351653180080607,2,0.9756666165312609,1,0,-1.2408253787443537,1.2700776058855237,0,3,1,0,0,0,0,0,0,0,1,0
1.0989270970431486,0,0.2948736764078601,1,0,-1.2021286968657043,1.1152964728604502,1,3,0,0,0,0,1,0,1,0,0,0
0.002648276976932204,1,-0.06880017672157746,1,0,1.4679423527610995,-0.39733732715731424,0,3,0,0,0,0,1,0,0,0,0,0
-0.32431207286737795,0,-0.5748946527815239,0,0,1.1583688977319049,0.24289372308276275,0,2,0,1,0,0,0,0,0,0,0,1
1.0796941352876008,2,0.5909624991136544,0,0,1.4292456708824501,-0.28476923041180624,0,3,0,0,0,0,0,0,0,1,0,0
-0.8820679637782599,1,-0.835373068750887,1,0,-0.6603751505646137,0.20771619284979148,0,2,0,0,1,0,0,0,1,0,0,0
1.5412852174207445,0,-1.2627698696721785,0,0,0.2296485326443209,-0.22144967599245793,0,3,0,0,0,0,1,0,0,0,0,1
-0.824369078511617,0,-1.2991459964548724,0,0,-1.047341969351107,0.37656833796805356,0,2,0,0,0,0,1,0,0,1,0,0
-0.208914302334092,2,1.3419202485266106,0,1,-1.395612106258951,-0.8476097141393465,0,2,0,1,0,0,0,0,0,0,1,0
1.0027622882654104,0,0.05992512987217843,1,0,1.6227290802756968,1.502249305423134,0,3,0,0,0,0,0,0,1,0,0,0
-1.6706193957557138,1,1.0814916880741525,1,0,0.6553120333094635,1.6570304384482075,0,0,0,0,0,0,0,0,0,1,0,0
-1.5552216252224278,2,1.3112430629857903,1,1,1.4292456708824501,1.0379059063479132,0,1,0,1,0,0,0,0,0,0,1,0
0.1757449327768611,0,0.5883224478704339,1,0,0.30704189640161955,-1.3119531132145672,0,3,0,0,1,0,0,0,0,0,0,0
-1.5936875487335231,0,-0.17602784491889265,0,0,-0.5055884230500164,0.25696473517595125,0,1,1,0,0,0,0,0,0,0,1,0
0.733500823687743,0,-0.7691800888298685,0,0,0.30704189640161955,-0.2566272062254292,0,3,0,1,0,0,0,0,0,0,0,1
0.9642963647543149,1,0.8768212441572971,1,0,1.3518523071251516,0.7142726282045777,1,3,0,1,0,0,0,0,0,1,0,0
-0.9013009255338076,0,1.4445001610213661,0,0,-1.3182187425016525,-0.4043728332039085,0,2,0,0,0,0,0,0,0,0,0,1
-0.8820679637782599,1,1.2784562275414662,0,0,-0.6990718324432631,-0.8968582564655062,0,2,0,0,0,0,1,0,0,1,0,0
-0.3820109581340209,2,1.6780208993087622,1,1,0.5392219876735156,-0.7280061113472441,0,2,0,0,0,0,0,1,0,0,0,0
-0.5551076139339498,2,-0.688081323919934,1,0,-1.6664888794094965,-0.2918047364584005,0,2,0,0,1,0,0,0,1,0,0,0
0.3103756650656947,0,-0.1524188960192192,1,0,1.5840323983970475,1.6851724626345845,0,3,1,0,0,0,0,0,0,1,0,0
0.3103756650656947,0,0.12949569159899024,0,0,-0.1186216042635231,-1.3823081736805096,0,3,0,1,0,0,0,0,1,0,0,0
0.23344381804350406,0,0.02664685553065986,1,0,1.2744589433678528,1.2278645696059582,1,3,0,1,0,0,0,0,0,0,1,0
-1.2090283136225701,2,-0.7495162627495469,0,0,-1.047341969351107,-1.5159827885658004,0,2,0,0,0,0,0,0,0,0,0,0
1.6182170644429352,2,0.7091586279786045,1,1,0.2296485326443209,-0.3762308090175315,0,3,0,1,0,0,0,0,0,1,0,0
0.6373360149100048,0,-0.8670968556860704,1,1,0.8487954427027102,-0.5450829541357936,0,3,0,0,0,0,0,0,0,0,0,0
0.9835293265098626,1,-1.0374764394306817,0,0,-0.2347116498994711,-0.6576510508813016,0,3,0,1,0,0,0,0,0,0,0,0
-0.7474372314894263,1,0.4835160579856619,1,0,-1.1247353331084058,0.28510675936232827,0,2,0,0,0,0,1,0,0,0,0,1
1.2720237528430773,0,1.2983734977703825,0,1,1.3518523071251516,-0.38326631506412573,0,3,1,0,0,0,0,0,0,0,0,1
0.6758019384211001,2,-0.19696579997041883,1,0,-0.07992492238487377,-1.698905945777251,0,3,0,1,0,0,0,0,0,1,0,0
1.0604611735320533,0,-0.7172647364638483,0,0,-0.38949837741406845,1.220829063559364,0,3,0,1,0,0,0,0,0,0,0,0
1.3681885616208158,1,-0.42626989453489594,0,0,0.6553120333094635,-1.1079234378633338,0,3,0,0,0,0,1,0,0,1,0,0
0.23344381804350406,2,0.6534056608493843,1,0,-0.582981786807315,-0.07370404901397863,0,3,0,0,0,1,0,0,1,0,0,0
-0.9013009255338076,2,-0.34026447191650777,0,0,0.3844352601589182,-1.4526632341464523,0,2,0,0,0,0,1,0,0,0,0,1
0.40654047384343295,1,-0.7162845006503984,0,0,-0.7764651962005618,-0.777254653673404,1,3,0,0,1,0,0,0,0,1,0,0
0.9835293265098626,1,0.9077970232827154,1,0,-1.3569154243803017,1.2911841240253064,1,3,0,0,1,0,0,0,1,0,0,0
0.9258304412432197,2,-1.2659087439065986,0,0,0.9648854883386583,-1.1712429922826821,0,3,0,1,0,0,0,0,1,0,0,0
0.4257734355989806,0,1.241513224630624,1,0,-0.3121050136567698,0.6017045314590697,1,3,0,0,0,0,0,1,0,0,1,0
-1.6898523575112614,0,-0.7213298622081753,1,1,-1.5890955156521978,-0.805396677859781,0,0,0,0,0,0,1,0,0,0,0,1
-0.3050791111118303,2,-0.5951636103642378,1,0,0.5779186695521649,-0.9953553411178258,0,2,0,0,0,0,0,1,0,0,1,0
-0.7282042697338786,0,-0.08238560961034141,1,0,-0.07992492238487377,0.10921910819747194,1,2,0,1,0,0,0,0,0,0,0,1
-1.1128635048448319,1,0.29681382084576696,1,0,-1.3182187425016525,-1.7411189820568165,0,2,0,1,0,0,0,0,0,0,1,0
-0.8436020402671646,1,-0.03558338920881273,0,0,-0.5442851049286658,-0.46769238762325677,1,2,0,0,0,0,1,0,0,0,0,0
-1.2090283136225701,2,0.9982925099760843,0,0,0.2683452145229702,0.7002016161113892,0,2,0,1,0,0,0,0,0,0,0,0
-0.17044837882299668,1,-0.7565964584894274,1,0,-1.2021286968657043,0.6017045314590697,0,2,0,1,0,0,0,0,1,0,0,0
1.4835863321541016,0,0.2005878979596145,0,0,-1.0086452874724579,-1.0797814136769568,1,3,0,0,1,0,0,0,0,0,0,0
0.7911997089543861,0,1.164073091745874,1,0,-1.1634320149870552,0.42581688029421333,0,3,0,0,0,0,1,0,1,0,0,0
0.6373360149100048,0,0.8490178735621531,1,0,-0.5055884230500164,0.6790950979716064,1,3,0,0,0,0,1,0,0,0,0,1
-0.7282042697338786,1,1.2249249992624807,1,0,-0.04122824050622443,-1.1360654620497108,0,2,0,0,0,0,0,0,0,0,1,0
-0.8628350020227122,0,1.0666517703606482,1,0,-1.5890955156521978,0.6298465556454467,0,2,0,0,0,0,1,0,1,0,0,0
1.2912567145986251,1,1.0523835867832392,1,1,1.6614257621543462,-0.5732249783221706,1,3,1,0,0,0,0,0,1,0,0,0
-0.2858461493562826,1,0.2806284081023117,1,0,1.1583688977319049,0.49617194076015586,0,2,0,1,0,0,0,0,0,0,0,1
0.5604041678878142,2,0.1973561725700304,1,0,1.4679423527610995,0.25696473517595125,0,3,0,0,1,0,0,0,1,0,0,0
-1.3051931224003084,1,0.21613079324879955,0,0,0.3844352601589182,1.6148174021686421,0,2,0,0,0,0,0,1,0,0,0,0
-0.7859031550005217,1,-1.1534173953867648,1,0,0.2296485326443209,1.4318942449571914,0,2,0,0,1,0,0,0,0,0,0,0
-0.9397668490449029,0,-0.6240323276468925,0,0,-1.5890955156521978,-1.642621897404497,1,2,0,0,0,0,0,0,0,0,0,1
1.6182170644429352,1,1.418016077729274,1,0,1.6227290802756968,0.1303256263372547,0,3,0,0,0,0,1,0,0,0,1,0
-0.36277799637847324,2,0.6719351831627614,1,0,1.7388191259116448,-0.4325148573902855,0,2,0,0,0,1,0,0,0,0,0,0
1.0412282117765055,1,-0.22757252228997682,1,0,0.3844352601589182,-0.2918047364584005,1,3,1,0,0,0,0,0,0,0,0,0
-1.5936875487335231,1,-0.2554447097691293,0,0,0.8487954427027102,1.4881782933299454,0,1,0,0,0,0,0,1,0,0,0,0
-1.4590568164446895,0,1.6409322306960485,1,1,0.4618286239162169,0.06700607191790642,1,1,0,0,0,0,1,0,0,0,0,0
-1.7283182810223567,1,0.3660655268671275,1,0,-0.07992492238487377,1.136402991000233,0,0,0,0,0,0,0,0,0,0,0,0
1.1181600587986962,0,-0.07439387017109894,1,0,0.15225516888702223,1.5163203175163225,0,3,0,1,0,0,0,0,0,0,0,0
0.2142108562879564,2,1.300921643651581,1,0,-0.7764651962005618,-0.8194676899529695,1,3,0,0,0,0,1,0,1,0,0,0
-0.36277799637847324,1,-0.1984186509386616,0,0,1.2357622614892037,0.8057342068103029,0,2,0,0,0,1,0,0,0,0,0,0
-1.439823854689142,2,0.2685860418503281,1,0,1.2357622614892037,-1.5159827885658004,1,1,0,0,0,1,0,0,0,1,0,0
-1.4205908929335942,1,-0.13141482710853883,1,0,-0.8925552418365098,0.16550315657022596,0,1,0,1,0,0,0,0,0,0,1,0
-0.9205338872893553,0,-0.5230257230935633,1,0,0.1135584870083729,0.1443966384304432,1,2,0,1,0,0,0,0,0,1,0,0
-1.5552216252224278,0,1.027898609604182,1,1,1.1583688977319049,-1.3260241253077556,0,1,0,1,0,0,0,0,0,0,0,1
-1.7090853192668092,0,-1.5414797811973777,1,0,0.30704189640161955,-0.6998640871608671,0,0,0,1,0,0,0,0,0,0,1,0
-1.6321534722446185,0,0.5747135482963368,1,0,0.8874921245813595,-0.39030182111072,0,1,0,0,0,0,0,1,0,0,0,0
-1.651386434000166,1,1.7377129267266533,1,1,-0.1186216042635231,1.0238348942547248,0,1,0,0,0,0,1,0,0,0,1,0
-0.7282042697338786,1,0.9864225038878685,1,0,-0.3121050136567698,-1.1149589439099281,0,2,0,0,1,0,0,0,0,0,0,0
-0.6897383462227834,0,0.011488997746979685,0,0,-1.5890955156521978,-0.14405910947992115,1,2,0,0,0,0,1,0,1,0,0,0
-0.22814726408963965,2,0.4161433549584627,1,0,0.5779186695521649,1.474107281236757,1,2,1,0,0,0,0,0,0,0,0,0
1.348955599865268,2,1.597250559953636,1,0,-1.4343087881376004,-0.9320357866984774,1,3,0,1,0,0,0,0,1,0,0,0
-1.0166986960670936,1,0.8625428071040018,0,0,-1.511702151894899,0.3695328319214593,1,2,0,0,0,0,1,0,0,0,1,0
-0.7859031550005217,2,0.9748077496659431,1,0,1.0035821702173076,-1.1571719801894935,0,2,0,1,0,0,0,0,0,0,0,0
0.4257734355989806,0,-1.3228924604871188,0,0,-1.395612106258951,-1.445627728099858,1,3,0,0,0,0,1,0,0,0,0,1
0.4834723208656236,1,1.1667647093336089,1,0,-0.15731828614217244,0.2640002412225455,0,3,0,1,0,0,0,0,0,0,0,0
1.5028192939096494,2,-0.4160158994031283,1,0,-1.6664888794094965,-0.1651656276197039,1,3,0,0,0,1,0,0,1,0,0,0
-1.1705623901114748,0,0.3047504324839834,1,0,-0.8538585599578604,-0.9038937625121004,1,2,1,0,0,0,0,0,0,1,0,0
-1.2282612753781177,0,0.6281296385924252,1,1,0.6553120333094635,0.10218360215087768,0,2,0,0,1,0,0,0,1,0,0,0
0.5027052826211712,0,-1.0420748333859036,1,0,0.15225516888702223,1.340432666351466,1,3,0,0,0,0,1,0,1,0,0,0
1.5989841026873877,1,-1.5686492044657967,1,1,-1.2021286968657043,-0.39733732715731424,0,3,0,0,1,0,0,0,0,1,0,0
0.7527337854432907,2,0.20422452651284662,1,1,-1.5503988337735484,1.6077818961220478,1,3,0,0,1,0,0,0,1,0,0,0
0.733500823687743,0,0.7197954108128132,0,0,1.5840323983970475,1.1434384970468272,1,3,0,0,0,0,0,1,0,0,0,0
0.848898594221029,1,-0.886716595633498,1,0,0.6166153514308143,-0.7209706053006499,0,3,0,1,0,0,0,0,0,0,1,0
0.002648276976932204,1,-0.8206604783638388,1,0,1.042278852095957,-1.0375683773973912,1,3,0,0,1,0,0,0,0,0,1,0
0.36807455033233766,1,1.271288280900363,1,1,-0.1186216042635231,0.5172784588999386,0,3,0,1,0,0,0,0,0,0,1,0
-0.6128064992005927,1,1.5517827988096118,1,0,0.9648854883386583,0.8760892672762455,1,2,0,0,0,0,0,0,0,0,0,1
-1.7090853192668092,2,-1.7075181449948673,1,0,-1.5890955156521978,1.4530007630969741,0,0,0,0,1,0,0,0,0,0,0,0
-0.7474372314894263,2,0.6682703610653127,1,0,0.30704189640161955,-0.3199467606447775,0,2,0,1,0,0,0,0,0,0,0,1
-0.15121541706744904,0,-0.9100855825149903,0,0,-0.0025315586275751,-0.27069821831861773,0,3,0,0,0,0,1,0,1,0,0,0
0.4450063973545283,1,0.9919386684795816,1,0,-0.5442851049286658,0.2358582170361685,0,3,1,0,0,0,0,0,0,0,1,0
1.2912567145986251,1,-0.5831382121788588,1,0,-1.1634320149870552,0.33435530168848804,0,3,0,0,1,0,0,0,1,0,0,0
-1.2090283136225701,1,0.15513092829959996,0,0,-0.6216784686859644,0.9605153398353765,0,2,0,0,1,0,0,0,0,0,0,1
-1.2474942371336655,0,-1.0158105495626029,1,0,1.2357622614892037,0.4187813742476191,1,2,0,0,0,0,1,0,1,0,0,0
-0.8820679637782599,1,1.3318366574353266,0,0,1.3131556252465022,-0.1088815792469499,0,2,0,0,0,0,1,0,0,1,0,0
-0.22814726408963965,2,-1.5501270479308922,0,0,-0.7764651962005618,1.220829063559364,1,2,1,0,0,0,0,0,0,0,1,0
0.11804604751021813,1,0.5071880506242121,1,0,1.1970655796105543,0.6228110495988524,1,3,0,0,0,0,0,1,0,0,0,1
-0.266613187600735,0,-1.1178424907277076,1,0,0.3844352601589182,1.6499949324016132,0,2,0,0,1,0,0,0,0,0,0,0
1.6374500261984828,2,0.2975966210003103,1,1,0.6166153514308143,-0.2918047364584005,0,3,0,0,0,0,1,0,0,0,0,1
0.5604041678878142,1,-1.7127973256202143,1,1,0.6940087151881129,0.5876335193658812,1,3,0,0,0,0,0,1,0,1,0,0
-1.6898523575112614,0,-1.0286466945902362,1,0,-0.0025315586275751,-0.8265031959995637,0,0,1,0,0,0,0,0,1,0,0,0
1.2720237528430773,1,0.5734325142719972,1,0,-1.0086452874724579,1.0660479305342903,1,3,0,1,0,0,0,0,0,0,0,1
0.8296656324654814,0,-0.009687483137210611,1,0,1.6227290802756968,1.2630420998389293,1,3,0,0,0,0,1,0,1,0,0,0
-0.6705053844672357,1,-1.517602077199844,1,1,1.506639034639749,-0.833538702046158,1,2,0,0,0,0,1,0,0,0,1,0
1.3297226381097205,2,-1.2796947341781855,1,0,-1.511702151894899,-0.502869917856228,0,3,0,0,0,0,1,0,0,0,1,0
-0.4397098434006639,1,0.9654252842788477,1,0,0.8100987608240608,-1.086816919723551,1,2,0,0,0,0,1,0,0,0,0,0
-0.34354503462292557,0,1.7377489324010018,0,0,-0.2734083317781204,-0.46769238762325677,0,2,0,0,1,0,0,0,0,1,0,0
0.848898594221029,2,1.0247620966246351,0,0,-1.0860386512297564,1.2419355816991466,0,3,0,1,0,0,0,0,1,0,0,0
-0.22814726408963965,1,1.4503280563368843,0,0,-0.4281950592927178,-0.010384494594630356,0,2,0,0,0,0,1,0,1,0,0,0
-0.5166416904228545,2,0.19847737408483976,0,0,-1.279522060623003,0.3132487835487053,0,2,0,0,0,0,0,1,1,0,0,0
0.002648276976932204,1,-1.5683942437080423,1,0,-1.047341969351107,1.586675377982265,1,3,0,0,0,1,0,0,1,0,0,0
-1.7090853192668092,0,0.9187070019730897,1,0,-1.511702151894899,-0.6435800387881131,0,0,0,0,0,0,0,0,0,0,0,1
-0.9013009255338076,2,-1.3658670763489853,1,1,-0.2347116498994711,0.306213277502111,0,2,0,0,1,0,0,0,0,0,1,0
-0.5743405756894975,2,-1.746383181815413,0,0,-0.7764651962005618,0.010722023545152401,0,2,0,0,0,1,0,0,0,0,0,0
1.0796941352876008,0,0.22523359902333745,1,0,-1.1247353331084058,1.5163203175163225,1,3,0,0,0,0,1,0,0,0,0,1
1.3104896763541727,1,0.6064030828539297,0,0,-1.511702151894899,0.8549827491364628,1,3,0,1,0,0,0,0,0,0,0,1
-0.17044837882299668,1,-0.9331861342006111,1,0,0.6166153514308143,-0.8968582564655062,0,2,0,0,0,0,0,0,0,0,0,0
1.4835863321541016,2,1.0394130900690686,1,0,-0.07992492238487377,-0.9179647746052889,0,3,0,0,0,0,1,0,0,0,0,1
-0.3820109581340209,0,1.6628042288763234,1,0,-0.6990718324432631,1.7203499928675559,0,2,0,0,0,0,0,1,0,1,0,0
-1.1128635048448319,2,0.7419684357195621,0,0,1.1196722158532555,0.08107708401109492,0,2,0,1,0,0,0,0,0,0,0,0
0.02188123873247986,2,-1.1315531732137376,1,0,1.4292456708824501,0.9112667975092168,0,3,0,1,0,0,0,0,0,0,1,0
1.3104896763541727,1,-1.5454539035856054,1,0,0.7714020789454116,-1.3752726676339153,1,3,0,0,0,0,1,0,1,0,0,0
0.9450634029987673,0,1.169908300137711,0,0,-0.04122824050622443,0.42581688029421333,0,3,0,1,0,0,0,0,0,0,1,0
-0.5743405756894975,0,-1.550417570053391,0,0,1.4679423527610995,0.05293505982471792,0,2,0,0,0,0,0,1,1,0,0,0
-0.5743405756894975,1,0.09571543029921216,1,0,1.3518523071251516,-0.6084025085551419,0,2,0,1,0,0,0,0,0,0,1,0
1.348955599865268,2,0.07434091239803635,1,0,1.0809755339746063,1.6711014505413961,0,3,0,0,0,0,0,1,1,0,0,0
-1.612920510489071,2,0.9363391473793964,1,0,-0.38949837741406845,0.6017045314590697,0,1,0,0,1,0,0,0,0,1,0,0
0.8873645177321243,1,1.673708920415721,1,0,0.7327053970667622,-0.9883198350712314,1,3,0,0,0,0,0,1,0,0,0,1
-0.18968134057854436,1,1.346319658313169,1,1,-1.047341969351107,-1.6777994276374684,0,2,0,0,0,0,1,0,0,0,0,0
-1.1128635048448319,2,0.7036184615688031,0,1,-0.7377685143219125,0.7072371221579834,0,2,0,1,0,0,0,0,0,1,0,0
-0.1319824553119014,1,1.5558798037130943,1,1,-0.6990718324432631,-0.8476097141393465,0,3,0,1,0,0,0,0,0,1,0,0
-0.05505060828971076,1,-1.5722077145679327,1,0,-1.3569154243803017,-0.805396677859781,0,3,0,0,0,1,0,0,0,0,1,0
0.02188123873247986,1,-0.807432807937856,1,0,-1.047341969351107,-0.36215979692434297,0,3,0,1,0,0,0,0,0,1,0,0
0.02188123873247986,0,1.2591710510812748,1,1,-1.047341969351107,1.1012254607672616,1,3,0,0,0,0,1,0,0,0,0,0
1.5028192939096494,1,0.6709127361995465,0,0,-0.8151618780792111,-0.9672133169314487,0,3,0,0,0,0,0,1,0,1,0,0
-0.7089713079783311,1,-1.1183979632562626,0,0,0.7327053970667622,1.5444623417026995,1,2,0,0,0,0,0,1,0,0,0,0
0.38730751208788533,2,-1.2562540028537739,1,0,-0.8538585599578604,1.7203499928675559,0,3,0,1,0,0,0,0,0,0,1,0
-0.8436020402671646,1,-0.6770236855063453,1,0,0.7714020789454116,0.7635211705307374,1,2,0,0,0,1,0,0,0,1,0,0
-1.324426084155856,0,1.3448108769856142,0,0,0.9261888064600089,0.36249732587486505,0,1,1,0,0,0,0,0,0,0,0,0
-0.9589998108004506,0,1.2970641772062361,1,0,-0.2734083317781204,0.10921910819747194,0,2,1,0,0,0,0,0,0,1,0,0
-1.4205908929335942,2,1.2369483504857486,1,0,0.30704189640161955,-0.4043728332039085,1,1,0,0,0,0,1,0,1,0,0,0
1.3297226381097205,2,-0.9045048786264013,1,0,1.3131556252465022,0.2358582170361685,0,3,0,0,0,0,0,1,0,0,0,0
0.13727900926576578,1,-0.9266551466304133,1,1,-1.3182187425016525,0.05293505982471792,1,3,0,1,0,0,0,0,0,0,0,1
-0.36277799637847324,1,-0.8341493921862534,1,0,0.4618286239162169,0.09514809610428343,1,2,0,0,0,0,0,1,0,0,0,0
-1.6321534722446185,0,-1.1427684007227714,1,0,-0.3121050136567698,0.6228110495988524,0,1,0,0,1,0,0,0,0,0,1,0
1.0989270970431486,1,-0.8779025017896456,1,0,-1.511702151894899,1.1012254607672616,0,3,0,0,1,0,0,0,0,1,0,0
1.1181600587986962,1,-0.5005735609112996,1,1,-1.279522060623003,-0.4887989057630395,0,3,0,1,0,0,0,0,0,0,0,0
-0.24738022584518732,2,0.10419246165674881,1,0,0.6940087151881129,-1.6004088611249314,0,2,0,0,0,0,0,1,1,0,0,0
-0.208914302334092,2,0.2927756056659159,1,0,-1.395612106258951,0.49617194076015586,0,2,0,0,1,0,0,0,0,1,0,0
-1.5359886634668802,2,0.8459796930331189,1,0,0.6940087151881129,1.4881782933299454,0,1,0,1,0,0,0,0,0,0,1,0
1.2527907910875298,0,-1.4421281029061332,1,0,1.390548989003801,-1.2697400769350016,0,3,1,0,0,0,0,0,0,0,0,0
1.4258874468874587,2,1.397642664046252,0,0,-0.6603751505646137,-1.698905945777251,0,3,1,0,0,0,0,0,0,0,0,1
1.2527907910875298,1,1.033575847251551,1,1,0.7327053970667622,0.9816218579751593,0,3,0,0,1,0,0,0,0,0,1,0
-0.5166416904228545,0,-1.1634167279168746,1,0,-0.6990718324432631,-0.5450829541357936,1,2,0,0,0,0,0,1,0,1,0,0
1.1566259823097915,1,1.2698740653983551,1,1,-0.04122824050622443,-1.2978821011213786,0,3,0,0,0,0,1,0,0,0,0,0
0.3103756650656947,2,1.4718185665543801,1,0,-0.582981786807315,-0.038526518781007366,0,3,0,0,1,0,0,0,1,0,0,0
1.522052255665197,0,-1.4468735291754011,1,0,-0.5055884230500164,0.4750654226203731,0,3,0,1,0,0,0,0,0,0,1,0
-1.382124969422499,2,-1.0572693434606806,1,0,0.2296485326443209,-1.1712429922826821,1,1,0,0,0,1,0,0,0,0,0,0
-0.6897383462227834,1,-1.4969684404269634,1,0,-1.6277921975308471,0.7564856644841432,0,2,0,0,0,0,1,0,0,0,0,0
1.6566829879540306,2,-1.6841554187791878,1,0,1.3518523071251516,-0.8757517383257235,1,3,0,0,1,0,0,0,1,0,0,0
0.8681315559765767,1,-1.5603202598763304,0,0,0.8487954427027102,0.37656833796805356,0,3,1,0,0,0,0,0,1,0,0,0
-0.266613187600735,0,-1.3102166429108058,1,0,0.8874921245813595,-1.6496574034510914,0,2,1,0,0,0,0,0,1,0,0,0
-1.0551646195781887,2,-1.616800501629715,1,0,-0.8538585599578604,1.39671671472422,0,2,0,0,0,0,0,1,0,1,0,0
1.4835863321541016,0,1.024138074794099,1,0,1.5453357165183983,0.6509530737852294,0,3,1,0,0,0,0,0,0,0,1,0
0.7142678619321955,2,0.13631026802757798,0,0,-1.4343087881376004,-1.1571719801894935,0,3,0,1,0,0,0,0,0,0,1,0
-0.8820679637782599,2,-0.7250838075277342,0,0,0.8487954427027102,-0.9320357866984774,1,2,0,1,0,0,0,0,1,0,0,0
0.9642963647543149,1,-0.7327470943042684,1,1,-0.7764651962005618,1.361539184491249,0,3,0,1,0,0,0,0,0,1,0,0
1.5797511409318399,1,0.9394101459546852,1,1,0.7714020789454116,-0.5239764359960108,0,3,0,0,1,0,0,0,0,0,0,1
0.906597479487672,2,-1.342162163589769,0,0,0.03616512325107423,-1.586337849031743,0,3,0,0,0,0,1,0,0,0,0,1
-0.47817576691175917,0,-0.4700981547587505,1,0,1.7001224440329956,1.5163203175163225,0,2,0,0,0,0,1,0,0,0,0,1
-1.1320964666003794,0,0.4766227999266189,1,0,0.42313194203756754,0.6650240858784179,0,2,0,1,0,0,0,0,1,0,0,0
0.1757449327768611,1,-0.5646621241576422,0,0,-0.19601496802082177,-1.5370893067055833,0,3,0,0,0,0,1,0,0,0,0,0
0.04111420048802752,1,-1.114794859689219,1,0,1.4679423527610995,0.5313494709931271,0,3,0,1,0,0,0,0,0,0,0,1
-1.5359886634668802,1,-0.8253475222219376,1,0,-1.279522060623003,-0.024455506687818863,0,1,0,0,0,0,0,1,0,0,0,0
-0.7282042697338786,1,0.9595723869659735,1,0,-0.5055884230500164,0.6509530737852294,0,2,0,0,0,0,1,0,1,0,0,0
1.3104896763541727,0,-1.6448028851750471,0,0,0.7327053970667622,0.10218360215087768,1,3,0,0,0,0,1,0,0,0,0,0
-0.6512724227116881,1,-0.22531245002753644,1,0,1.5840323983970475,0.8057342068103029,0,2,0,0,1,0,0,0,0,0,1,0
-0.15121541706744904,2,1.6052766855190408,0,0,-1.2408253787443537,1.0238348942547248,0,3,0,0,0,0,1,0,0,1,0,0
-0.6320394609561404,2,-0.40522140803438306,1,1,-0.8538585599578604,1.2137935575127696,1,2,0,1,0,0,0,0,0,1,0,0
-0.8628350020227122,2,1.1982487862821298,0,0,-0.19601496802082177,-0.5380474480891994,0,2,0,0,0,0,0,0,0,1,0,0
1.6374500261984828,1,-0.011837935773542514,1,0,1.042278852095957,0.6931661100647949,0,3,0,0,0,0,0,0,0,0,0,0
0.4257734355989806,0,0.6066926539245064,1,1,-0.3121050136567698,-0.6365445327415189,0,3,0,0,1,0,0,0,0,0,0,0
0.3103756650656947,2,1.2223170901579004,1,0,0.8100987608240608,1.6711014505413961,0,3,0,0,0,0,0,1,0,0,0,0
-1.651386434000166,1,1.0848868260148257,1,1,-0.5055884230500164,0.5665270012260983,0,1,0,0,0,1,0,0,0,0,0,1
1.6182170644429352,0,0.755552703333003,1,0,1.7001224440329956,0.06700607191790642,0,3,0,1,0,0,0,0,1,0,0,0
-0.1319824553119014,1,-0.5715963825466388,1,0,-0.7764651962005618,-0.20737866389926943,0,3,0,0,0,1,0,0,1,0,0,0
-1.0166986960670936,1,1.3039490798479447,1,1,-0.7377685143219125,1.5092848114697281,1,2,0,1,0,0,0,0,0,0,1,0
-0.6897383462227834,1,-0.3125519851226954,1,0,1.2357622614892037,-1.2697400769350016,0,2,0,0,0,0,1,0,0,1,0,0
-1.7475512427779043,0,0.3070074453628644,1,0,0.30704189640161955,-0.277733724365212,0,0,0,1,0,0,0,0,1,0,0,0
0.34884158857679,2,1.0412019490968685,1,1,-0.7377685143219125,1.2911841240253064,0,3,0,0,0,0,0,0,1,0,0,0
-0.22814726408963965,0,-0.37828446856079356,1,1,0.7714020789454116,-0.1651656276197039,0,2,0,0,0,0,1,0,0,0,0,0
0.291142703310147,0,-1.1715580402207588,0,0,1.4679423527610995,-1.058674895537174,0,3,0,0,0,0,1,0,0,0,0,0
-0.5358746521784021,1,-0.23557557678864918,0,0,-1.4343087881376004,-0.6084025085551419,0,2,0,0,1,0,0,0,0,0,1,0
0.4450063973545283,0,0.3919397237530255,0,0,-0.04122824050622443,-0.474727893669851,0,3,0,0,0,1,0,0,0,0,1,0
-1.093630543089284,0,0.7284251527043235,1,0,0.8874921245813595,1.3545036784446547,0,2,0,0,1,0,0,0,0,0,0,0
0.9258304412432197,2,-1.327755922632839,1,0,-0.4281950592927178,0.7564856644841432,0,3,0,0,0,0,1,0,1,0,0,0
-0.6705053844672357,1,-1.6694749796731683,1,0,0.9648854883386583,0.3413908077350823,0,2,0,0,0,0,0,1,1,0,0,0
-0.7474372314894263,1,0.44771903676921426,1,1,-1.6277921975308471,-1.5230182946123947,0,2,0,0,0,0,1,0,0,0,0,1
0.06034716224357517,1,1.6792102786116436,1,0,0.30704189640161955,-1.304917607167973,1,3,0,0,0,0,1,0,0,1,0,0
-0.5743405756894975,2,1.058500715115726,1,0,-0.8925552418365098,0.9112667975092168,0,2,0,0,0,0,1,0,0,0,0,1
-0.18968134057854436,0,-0.5307094074478971,0,0,-1.1247353331084058,-0.08073955506057288,0,2,0,0,0,0,0,0,0,0,1,0
-1.382124969422499,1,-0.02038308829534199,1,0,0.6553120333094635,1.1715805212332042,0,1,0,1,0,0,0,0,0,0,1,0
0.7527337854432907,0,1.4098074753490046,1,0,-1.2408253787443537,0.08107708401109492,1,3,0,0,0,0,0,1,1,0,0,0
1.2912567145986251,1,-1.7285938837754156,1,0,-0.8925552418365098,-0.08073955506057288,0,3,0,0,0,0,1,0,0,1,0,0
-1.4590568164446895,1,1.504477216739925,1,1,-1.0860386512297564,0.46802991657377885,1,1,0,0,0,1,0,0,0,0,0,0
1.6182170644429352,2,0.6994766006097747,1,0,0.30704189640161955,-0.7702191476268097,0,3,0,0,0,0,0,0,0,0,0,1
1.4258874468874587,1,-1.2018957045482932,0,0,0.9261888064600089,-1.2134560285622475,0,3,0,1,0,0,0,0,1,0,0,0
-1.766784204533452,1,-1.5856164727534339,1,0,0.6553120333094635,-1.1642074862360878,0,0,0,0,0,0,0,0,0,0,0,1
0.291142703310147,0,0.44604615365962935,1,0,-0.38949837741406845,-1.0516393894905798,0,3,0,0,0,0,1,0,1,0,0,0
-0.4397098434006639,1,0.4210504243030742,1,0,-1.2408253787443537,0.24289372308276275,1,2,0,0,0,0,1,0,0,0,0,0
-0.7474372314894263,1,1.22871146009415,1,0,-0.38949837741406845,-0.5661894722755764,0,2,0,0,0,0,1,0,0,0,0,0
-0.47817576691175917,1,0.9917372005450955,0,1,0.5005253057948662,-0.01742000064122461,1,2,0,1,0,0,0,0,0,1,0,0
-0.17044837882299668,0,-1.631921285080821,1,0,0.03616512325107423,-0.6928285811142729,1,2,0,0,0,0,1,0,0,0,0,1
-0.17044837882299668,0,-1.4035892167384076,1,0,-0.4281950592927178,-0.07370404901397863,1,2,0,0,0,0,1,0,0,1,0,0
-1.5744545869779756,0,1.156344608922293,1,0,-0.2347116498994711,-1.7340834760102224,0,1,0,0,0,1,0,0,0,1,0,0
-0.7859031550005217,2,1.480694164504574,1,0,-0.582981786807315,-1.7762965122897878,0,2,1,0,0,0,0,0,0,0,1,0
-0.34354503462292557,1,1.2992414618137984,1,0,0.9261888064600089,-1.304917607167973,0,2,0,1,0,0,0,0,0,1,0,0
0.6181030531544571,1,-0.09917273581316655,1,1,-0.5055884230500164,-1.4808052583328293,0,3,0,1,0,0,0,0,0,0,1,0
-0.9589998108004506,2,1.629516357902626,1,0,-0.0025315586275751,0.918302303555811,0,2,0,0,0,0,0,1,1,0,0,0
-1.4782897782002373,1,1.146524746379664,1,0,-1.1634320149870552,-0.502869917856228,1,1,1,0,0,0,0,0,0,1,0,0
1.2143248675764344,1,-1.6427106541375878,1,0,-1.2408253787443537,-1.6496574034510914,0,3,0,0,0,0,0,1,0,0,1,0
0.6565689766655525,0,0.8522969598900607,0,0,0.03616512325107423,-1.3400951374009442,0,3,0,0,0,1,0,0,0,1,0,0
0.6373360149100048,1,0.35359171622966407,1,0,-1.3182187425016525,0.10218360215087768,1,3,0,0,0,0,1,0,0,0,0,1
-0.8051361167560693,1,1.429302755596919,1,0,-1.4730054700162498,-0.45362137553006826,0,2,0,0,0,1,0,0,0,0,0,1
-1.1705623901114748,2,-0.4905204152657815,1,0,0.4618286239162169,-1.1993850164690592,1,2,0,0,0,0,1,0,0,0,0,1
-0.6320394609561404,1,0.924398822730188,1,0,-0.8925552418365098,-1.1360654620497108,0,2,0,0,0,0,1,0,0,0,0,0
1.2527907910875298,1,-0.3448863458641893,1,0,-1.5890955156521978,-0.8898227504189119,0,3,0,0,0,0,1,0,1,0,0,0
-1.1128635048448319,1,-0.5012838149974751,1,0,-0.9699486055938085,0.45395890448059034,0,2,0,1,0,0,0,0,0,0,0,1
-1.5552216252224278,2,1.6265542057837512,0,0,0.5392219876735156,0.6931661100647949,1,1,0,1,0,0,0,0,0,1,0,0
-1.0359316578226412,2,-1.3115967671036033,0,0,-0.8925552418365098,-1.2345625467020303,1,2,0,1,0,0,0,0,0,0,0,1
-1.5359886634668802,1,1.583414117024514,1,0,0.7327053970667622,0.8690537612296513,0,1,0,0,0,0,1,0,0,0,1,0
-0.7089713079783311,2,0.5096493183976947,0,0,-1.6277921975308471,1.3545036784446547,0,2,0,0,0,0,0,1,0,0,0,0
-0.6897383462227834,0,0.7424243356897828,0,0,0.03616512325107423,-1.4385922220532636,0,2,0,0,0,0,1,0,0,0,0,1
0.04111420048802752,0,-0.06838092508412769,1,1,-0.0025315586275751,1.6781369565879902,0,3,0,0,0,0,1,0,0,0,1,0
-0.7474372314894263,1,0.5923120159917686,1,1,-0.04122824050622443,-0.05259753087419587,0,2,0,0,1,0,0,0,0,0,0,0
1.2143248675764344,2,0.6868568575659101,1,0,0.6166153514308143,1.4248587389105971,1,3,0,0,1,0,0,0,1,0,0,0
1.5989841026873877,2,-1.0181970684131916,1,1,0.3844352601589182,-0.8757517383257235,0,3,0,0,0,0,0,1,0,0,0,1
-0.6897383462227834,2,0.5307659570312177,1,0,0.5005253057948662,1.4952137993765398,0,2,0,0,0,0,0,1,0,0,1,0
0.19497789453240877,0,-1.115548098367186,1,0,-0.1186216042635231,0.06700607191790642,1,3,0,1,0,0,0,0,0,0,0,1
0.733500823687743,2,-1.2727009691789664,1,0,-0.6603751505646137,-0.7913256657665925,0,3,0,1,0,0,0,0,0,0,1,0
1.3104896763541727,0,-1.6191454163302663,1,1,-1.1247353331084058,0.8127697128568973,0,3,0,0,0,0,1,0,0,1,0,0
-1.151329428355927,2,0.24356539180479864,1,0,0.42313194203756754,0.9675508458819708,0,2,0,0,1,0,0,0,0,0,0,0
-0.8820679637782599,2,-0.676878687062569,0,1,-1.4343087881376004,0.8760892672762455,0,2,0,1,0,0,0,0,0,0,0,1
-1.766784204533452,0,0.8816490916488425,1,0,-0.582981786807315,0.017757529591746656,0,0,0,1,0,0,0,0,0,0,0,1
-0.3050791111118303,2,1.5843367603623963,0,0,-1.2021286968657043,-0.9601778108848544,0,2,0,0,1,0,0,0,0,0,1,0
-1.0551646195781887,0,1.3461971715752792,1,0,0.30704189640161955,0.25696473517595125,1,2,0,1,0,0,0,0,0,0,1,0
-0.7859031550005217,0,0.8845388908767626,0,1,0.2296485326443209,-1.4315567160066693,0,2,0,0,1,0,0,0,0,0,0,1
-1.093630543089284,0,1.591078904496076,1,0,0.1135584870083729,-0.7983611718131867,1,2,0,0,0,0,1,0,0,0,0,0
-0.34354503462292557,2,0.28290375699006814,1,0,0.8874921245813595,-1.6004088611249314,1,2,1,0,0,0,0,0,0,0,0,0
-1.1897953518670223,1,1.106173672732612,1,0,-1.6664888794094965,0.7424146523909547,0,2,0,0,0,0,0,0,0,1,0,0
0.8296656324654814,0,0.5949342540168874,1,0,0.30704189640161955,0.7353791463443604,0,3,0,1,0,0,0,0,0,0,0,1
0.6758019384211001,1,-1.3518177378048906,0,0,1.4679423527610995,-0.5872959904153591,0,3,0,0,1,0,0,0,0,1,0,0
-1.3436590459114037,1,-1.5561899061172062,1,0,-0.9312519237151591,-0.41140833925050274,0,1,0,0,0,1,0,0,0,0,1,0
-1.2474942371336655,1,1.2444007830073724,0,0,0.8874921245813595,0.7916631947171144,0,2,1,0,0,0,0,0,0,1,0,0
1.4451204086430063,2,-1.5632873853255165,1,0,1.6614257621543462,-0.24959170017883495,0,3,0,0,0,1,0,0,0,0,1,0
-0.7474372314894263,1,-1.2441856843378085,1,0,-1.511702151894899,0.09514809610428343,0,2,0,1,0,0,0,0,0,0,0,1
0.8104326707099337,2,0.35224002915219116,1,0,-0.15731828614217244,1.6851724626345845,0,3,0,1,0,0,0,0,0,1,0,0
0.6565689766655525,1,-0.701095029965844,0,0,0.30704189640161955,0.3554618198282708,0,3,0,0,0,0,1,0,0,1,0,0
-0.34354503462292557,1,-1.0152252579226513,1,0,1.1970655796105543,1.4881782933299454,0,2,0,0,0,1,0,0,0,0,0,1
-0.4589428051562115,0,-1.7160715092774652,1,1,-1.5503988337735484,-1.4878407643794234,0,2,0,0,0,0,0,0,1,0,0,0
1.0796941352876008,2,-1.4061360657866422,1,0,1.7388191259116448,-0.3551242908777487,1,3,0,1,0,0,0,0,1,0,0,0
1.2720237528430773,0,1.3474961344578607,1,0,-1.2021286968657043,-0.9109292685586947,0,3,0,0,0,1,0,0,1,0,0,0
0.6565689766655525,2,0.4411158025545751,1,1,0.6166153514308143,-1.7481544881034108,0,3,0,0,0,0,1,0,0,1,0,0
0.19497789453240877,0,-1.2886377849812403,1,0,-1.4730054700162498,-1.6215153792647143,1,3,0,0,1,0,0,0,0,1,0,0
1.3874215233763634,2,1.3802194350781076,1,0,0.9261888064600089,1.530391329609511,0,3,0,1,0,0,0,0,0,0,0,0
-0.8628350020227122,2,0.8039008071103584,0,0,1.506639034639749,-0.2284851820390522,0,2,0,0,0,0,1,0,0,0,1,0
-0.9782327725559982,0,-1.5091099320366834,1,0,0.3457385782802689,1.0097638821615362,0,2,0,1,0,0,0,0,1,0,0,0
-1.382124969422499,0,0.9115372314159513,1,0,-0.8151618780792111,1.3756101965844374,0,1,1,0,0,0,0,0,1,0,0,0
1.0412282117765055,0,-1.4057431191916505,0,0,1.6614257621543462,-0.9390712927450717,0,3,0,0,0,0,1,0,0,1,0,0
0.4642393591100759,2,1.0616063577583634,1,1,-1.0860386512297564,0.7775921826239259,0,3,1,0,0,0,0,0,0,1,0,0
0.38730751208788533,0,-1.1876331598581924,1,0,1.0035821702173076,0.974586351928565,0,3,0,0,0,1,0,0,1,0,0,0
0.34884158857679,2,0.9566137753412282,1,1,0.30704189640161955,-0.9250002806518832,0,3,0,0,0,0,0,1,1,0,0,0
0.848898594221029,0,-1.1280846291196303,1,0,-0.2734083317781204,1.4811427872833511,0,3,0,0,0,1,0,0,0,0,0,0
-1.7090853192668092,1,0.8302808306958559,0,0,-0.07992492238487377,0.49617194076015586,0,0,0,1,0,0,0,0,0,0,0,0
1.0027622882654104,1,-1.4777031340949875,1,1,0.7327053970667622,-1.1571719801894935,0,3,0,1,0,0,0,0,0,0,1,0
1.1181600587986962,0,-1.1842686183606603,0,1,-1.5890955156521978,-0.8194676899529695,1,3,0,0,1,0,0,0,0,1,0,0
0.15651197102131345,0,-1.5948519794807974,1,0,0.6553120333094635,1.4670717751901627,0,3,1,0,0,0,0,0,0,0,1,0
0.6373360149100048,1,-0.31286103488399364,1,0,0.6940087151881129,-0.5943314964619534,0,3,0,1,0,0,0,0,0,0,1,0
0.5988700913989096,0,1.3299461865816642,1,1,-1.6664888794094965,-0.749112629487027,1,3,0,0,0,0,1,0,0,0,0,1
0.06034716224357517,0,0.7088097479807733,1,0,-0.6603751505646137,0.5102429528533443,0,3,0,0,0,0,1,0,0,0,0,1
0.6565689766655525,1,-0.8620301941167339,1,0,1.2357622614892037,1.1715805212332042,0,3,1,0,0,0,0,0,0,0,0,0
-0.5358746521784021,0,1.6858394948352777,0,0,0.3844352601589182,-1.1219944499565222,1,2,0,0,0,0,0,1,0,1,0,0
-0.24738022584518732,1,-1.252397217609418,1,0,-0.19601496802082177,1.6218529082152362,1,2,0,0,0,0,0,1,0,0,0,0
-0.6512724227116881,2,-0.32774950142739806,1,0,-1.2021286968657043,0.2921422654089225,1,2,0,1,0,0,0,0,0,0,1,0
-0.07428357004525842,2,1.4878868184202763,1,1,0.07486180512972357,0.8549827491364628,1,3,0,1,0,0,0,0,0,0,0,1
1.0604611735320533,1,-0.5209997225013588,1,0,0.15225516888702223,1.368574690537843,1,3,0,0,0,0,1,0,1,0,0,0
1.4835863321541016,2,0.4436543378583887,0,0,-1.279522060623003,-0.9883198350712314,0,3,1,0,0,0,0,0,0,0,0,0
-1.4590568164446895,1,1.6841852680626668,0,0,1.2744589433678528,0.03182854168493516,0,1,0,0,1,0,0,0,0,0,1,0
-0.34354503462292557,1,-0.6764150963911189,0,0,0.5392219876735156,1.0238348942547248,0,2,0,1,0,0,0,0,0,0,0,0
-1.324426084155856,1,-0.8937406371881619,0,0,0.3844352601589182,-0.9390712927450717,0,1,0,0,1,0,0,0,0,0,1,0
1.2720237528430773,1,0.5694619292001705,1,1,-0.0025315586275751,-1.2556690648418132,0,3,0,1,0,0,0,0,0,0,0,1
-0.32431207286737795,0,0.7634871354798202,0,0,1.4292456708824501,1.0167993882081305,0,2,0,0,0,0,1,0,1,0,0,0
0.5411712061322665,2,-1.6293908925575724,0,0,-1.3182187425016525,-0.29884024250499475,0,3,0,1,0,0,0,0,0,0,0,1
-1.382124969422499,2,-0.29243942739707646,1,1,0.5779186695521649,-0.7420771234404326,0,1,0,0,0,0,1,0,0,0,0,1
1.4835863321541016,2,-0.10987155217802881,1,0,0.2296485326443209,-1.5722668369385544,0,3,0,0,0,0,1,0,0,1,0,0
0.4834723208656236,0,-0.22550955286351906,1,0,-0.04122824050622443,0.3695328319214593,0,3,0,0,0,0,1,0,0,0,1,0
0.4257734355989806,1,-1.1491670023427614,1,1,-0.6603751505646137,-0.9742488229780429,0,3,0,0,1,0,0,0,0,0,0,1
-0.3820109581340209,2,-0.10522734548045266,1,0,-1.511702151894899,1.0871544486740732,0,2,0,0,0,0,1,0,0,0,0,0
1.2912567145986251,0,0.7696793245509778,0,0,0.6940087151881129,-0.15813012157310966,1,3,0,0,0,0,1,0,0,1,0,0
0.9642963647543149,0,0.19552978635004947,0,0,0.9648854883386583,-1.445627728099858,1,3,0,0,0,1,0,0,0,0,0,0
0.6565689766655525,0,0.3016539266989868,1,0,1.1196722158532555,1.7273854989141502,0,3,0,0,0,0,1,0,0,1,0,0
1.2143248675764344,0,-1.2603031003778582,1,0,1.5453357165183983,1.1715805212332042,0,3,0,1,0,0,0,0,0,0,0,1
-0.32431207286737795,1,0.3624465680961209,1,0,-1.1247353331084058,-0.7068995932074614,1,2,0,0,1,0,0,0,1,0,0,0
-0.7282042697338786,2,0.9088951398706113,0,0,0.30704189640161955,-0.7068995932074614,1,2,1,0,0,0,0,0,0,0,1,0
-0.208914302334092,1,-1.4363899524116377,1,0,1.4679423527610995,0.22882271098957424,0,2,0,0,0,0,1,0,1,0,0,0
1.4451204086430063,1,-1.364249240888675,1,0,1.3518523071251516,-0.12998809738673264,0,3,0,0,1,0,0,0,1,0,0,0
0.09881308575467047,0,0.16662094362433294,1,1,-1.5503988337735484,1.6077818961220478,0,3,0,0,0,0,1,0,0,1,0,0
0.4450063973545283,1,0.5987347986526141,1,1,0.2296485326443209,-0.9672133169314487,1,3,0,1,0,0,0,0,0,0,0,1
-1.612920510489071,1,-0.44929387867141596,1,0,1.3131556252465022,-1.3260241253077556,0,1,0,0,0,0,1,0,0,0,1,0
0.5411712061322665,1,0.27569199132442634,0,0,-0.15731828614217244,-0.6787575690210844,0,3,0,0,0,0,0,0,0,1,0,0
0.36807455033233766,2,1.5799178670049743,0,0,1.3131556252465022,-0.1370236034333269,0,3,0,0,1,0,0,0,0,0,0,1
0.5796371296433619,2,-1.2981265561293291,1,0,-1.1247353331084058,-0.7068995932074614,0,3,0,1,0,0,0,0,0,0,1,0
-0.4397098434006639,2,-1.4801178793334702,0,0,1.0809755339746063,0.7353791463443604,1,2,0,0,1,0,0,0,0,0,0,1
-1.5167557017113324,1,0.19023880311168964,0,0,0.6166153514308143,1.502249305423134,0,1,0,0,0,0,1,0,1,0,0,0
-0.016584684778615452,0,-1.7046166758689634,1,0,0.6940087151881129,0.5524559891329098,1,3,0,0,1,0,0,0,0,0,0,0
0.9450634029987673,0,-1.4219614613445053,1,0,-0.6603751505646137,0.5665270012260983,0,3,0,0,0,0,1,0,0,0,0,0
-1.7475512427779043,2,-1.6043538671605053,1,0,0.8487954427027102,-0.7983611718131867,1,0,0,0,0,1,0,0,0,0,0,1
0.291142703310147,2,-1.2542370527133933,1,0,-1.047341969351107,-1.2838110890281902,0,3,1,0,0,0,0,0,1,0,0,0
-0.34354503462292557,2,-1.2603793618129788,1,0,0.2296485326443209,1.284148617978712,0,2,0,0,0,1,0,0,0,0,0,0
1.021995250020958,2,1.159336029542049,1,0,0.7327053970667622,1.6148174021686421,0,3,0,1,0,0,0,0,1,0,0,0
1.0604611735320533,1,0.7632674122369725,1,0,0.1135584870083729,-0.8687162322791292,0,3,0,0,0,0,0,0,0,0,0,1
0.06034716224357517,1,0.05646970223652056,0,0,-1.6277921975308471,-0.4887989057630395,1,3,0,0,0,0,1,0,0,1,0,0
0.8873645177321243,0,-1.3645395270996699,0,0,0.3457385782802689,-1.5511603187987717,1,3,0,1,0,0,0,0,0,0,0,1
-0.49740872866730684,1,-1.5162509134639308,1,0,0.30704189640161955,-0.446585869483474,1,2,0,0,0,0,0,1,1,0,0,0
-0.47817576691175917,0,0.9670963416208632,1,1,-1.1247353331084058,-0.7631836415802155,0,2,0,0,0,1,0,0,0,0,0,1
-1.0551646195781887,1,-1.4565703784367239,1,0,0.2296485326443209,-0.4606568815766625,1,2,0,0,0,0,0,0,0,0,0,0
-0.1319824553119014,0,-1.3162891595633786,1,0,-0.6216784686859644,1.5796398719356708,0,3,0,1,0,0,0,0,0,0,1,0
-0.49740872866730684,0,1.194229301792787,1,1,0.9261888064600089,-1.058674895537174,0,2,0,0,0,0,0,0,1,0,0,0
1.175858944065339,1,0.4460573615089116,0,1,1.5453357165183983,0.5032074468067501,0,3,0,1,0,0,0,0,0,0,1,0
0.8873645177321243,0,0.6467105519363147,1,0,-1.279522060623003,-0.5450829541357936,0,3,0,1,0,0,0,0,0,0,0,0
-1.2474942371336655,1,-1.749890231938795,1,0,1.042278852095957,-0.23552068808564644,0,2,0,1,0,0,0,0,0,0,0,0
0.5988700913989096,2,1.0622707903423747,1,0,-0.2347116498994711,1.502249305423134,0,3,0,0,0,0,1,0,0,0,0,1
-1.1705623901114748,0,-0.41676374225772395,1,0,0.7327053970667622,1.0027283761149421,0,2,0,0,0,0,0,0,1,0,0,0
0.7142678619321955,0,0.34909852181256185,1,0,-0.3121050136567698,-1.6496574034510914,0,3,1,0,0,0,0,0,0,0,0,1
1.4451204086430063,0,0.05964805689797624,1,0,-0.2734083317781204,1.0801189426274789,0,3,0,0,0,0,1,0,0,0,0,1
1.5989841026873877,0,0.6250702764219405,0,0,0.6940087151881129,0.10921910819747194,0,3,0,0,0,0,1,0,1,0,0,0
-0.11274949355635373,0,-0.11904910693081272,0,0,-0.9699486055938085,-0.6435800387881131,0,3,0,1,0,0,0,0,0,0,0,1
-1.3628920076669513,1,-0.6459109567291628,0,0,-1.0086452874724579,0.7353791463443604,0,1,0,0,0,0,1,0,0,0,1,0
-0.8436020402671646,0,1.1418416788033154,1,0,0.3457385782802689,-0.28476923041180624,1,2,0,0,0,0,1,0,0,1,0,0
0.8104326707099337,2,0.8192281946521377,1,0,1.7001224440329956,-0.1088815792469499,0,3,0,0,0,1,0,0,0,0,0,0
-0.40124391988956853,2,0.4366269482437365,0,0,-0.9699486055938085,-0.28476923041180624,1,2,0,0,0,0,1,0,0,0,0,1
-1.4013579311780466,2,1.2104682034072183,1,0,0.7714020789454116,-1.4385922220532636,0,1,0,1,0,0,0,0,0,0,1,0
1.175858944065339,1,0.6527577960570203,0,1,-0.5442851049286658,-1.3400951374009442,1,3,1,0,0,0,0,0,0,0,0,1
0.2142108562879564,0,0.1348053150810141,0,0,1.4292456708824501,0.03886404773152941,0,3,0,1,0,0,0,0,0,0,0,0
-0.9782327725559982,1,1.058003880142481,1,1,-0.15731828614217244,-0.7068995932074614,0,2,0,0,0,1,0,0,0,0,0,1
0.6181030531544571,2,1.492980746440026,1,0,-0.6990718324432631,0.5032074468067501,0,3,0,0,0,0,1,0,1,0,0,0
-1.4013579311780466,1,0.8106216319070597,1,1,0.3457385782802689,-0.6576510508813016,1,1,0,0,0,0,1,0,0,0,0,0
0.9835293265098626,1,-1.6504189891783516,1,0,-0.8151618780792111,-0.15813012157310966,0,3,0,0,0,0,1,0,0,1,0,0
1.2912567145986251,0,-0.5369852660298282,1,1,-1.0086452874724579,0.42581688029421333,0,3,0,0,0,0,1,0,0,0,1,0
0.8873645177321243,1,-1.1200424457837836,1,0,-0.5442851049286658,-1.3471306434475383,1,3,1,0,0,0,0,0,0,1,0,0
1.6182170644429352,0,0.8890967819594211,0,0,0.15225516888702223,1.6359239203084248,0,3,0,0,1,0,0,0,1,0,0,0
0.9450634029987673,0,-1.5730416846198914,1,1,1.0035821702173076,1.1575095091400156,0,3,0,0,0,0,1,0,0,1,0,0
0.5219382443767189,1,1.7323031814089622,1,0,-0.1186216042635231,-0.6224735206483304,0,3,0,1,0,0,0,0,1,0,0,0
0.8296656324654814,0,1.6317031393767634,1,0,0.5392219876735156,-1.00239084716442,0,3,0,0,1,0,0,0,0,0,0,1
-0.9397668490449029,0,-0.3617957598150695,0,1,-1.4730054700162498,0.33435530168848804,0,2,1,0,0,0,0,0,0,1,0,0
-0.24738022584518732,1,1.146064234391831,1,1,1.5453357165183983,0.6157755435522582,0,2,0,0,0,0,1,0,0,0,0,0
0.733500823687743,2,-0.9668034081890219,1,0,-0.7377685143219125,-0.1370236034333269,1,3,0,0,1,0,0,0,0,0,0,1
0.23344381804350406,1,1.1543577191374133,1,0,1.2744589433678528,0.32028428959529953,1,3,0,1,0,0,0,0,0,0,1,0
-1.382124969422499,0,-0.284223264111334,1,0,-1.395612106258951,-1.0797814136769568,0,1,0,0,0,1,0,0,1,0,0,0
0.6758019384211001,1,0.05336197827814566,1,0,-0.7377685143219125,-0.9531423048382602,0,3,0,1,0,0,0,0,1,0,0,0
1.406654485131911,2,-0.48892236824614993,1,1,-1.5503988337735484,-0.777254653673404,1,3,0,0,1,0,0,0,1,0,0,0
1.3681885616208158,0,1.6043128638368425,0,0,0.03616512325107423,-0.5943314964619534,0,3,1,0,0,0,0,0,0,0,1,0
1.3104896763541727,2,0.6746003439913287,0,1,0.8100987608240608,1.7344210049607443,1,3,0,1,0,0,0,0,0,0,0,0
-0.8051361167560693,1,0.8087621183672843,1,0,-1.3569154243803017,-0.1229525913401384,1,2,0,0,1,0,0,0,0,0,0,1
-1.0359316578226412,1,1.0058777580826352,1,1,-1.1247353331084058,-0.9250002806518832,0,2,0,0,0,0,1,0,1,0,0,0
-1.7090853192668092,0,-1.3472102822087253,1,0,-1.6664888794094965,-0.21441416994586368,0,0,0,0,0,1,0,0,0,0,0,1
0.15651197102131345,2,0.7844135386716405,1,1,-1.1247353331084058,-1.7692610062431935,1,3,0,1,0,0,0,0,0,0,1,0
-0.8436020402671646,0,-1.0933098741633223,0,0,0.5005253057948662,1.6992434747277732,0,2,0,0,0,0,1,0,0,0,1,0
1.0027622882654104,0,-0.6387913531542788,1,1,1.506639034639749,-1.3682371615873212,0,3,0,1,0,0,0,0,1,0,0,0
1.2912567145986251,0,1.4401603714142115,1,0,-1.4730054700162498,-1.3189886192611613,0,3,0,0,0,0,0,1,0,0,0,1
1.0796941352876008,2,0.2219971571408913,1,0,0.3457385782802689,-1.1360654620497108,1,3,0,0,0,0,1,0,0,1,0,0
0.6373360149100048,0,-0.2500952604605511,1,1,0.6940087151881129,-1.727047969963628,0,3,0,0,0,1,0,0,0,0,0,0
0.7527337854432907,2,0.9957640355342383,1,0,0.3844352601589182,1.2137935575127696,0,3,0,1,0,0,0,0,1,0,0,0
1.2527907910875298,1,0.7801901079269342,0,0,1.1196722158532555,-1.3119531132145672,0,3,0,0,0,0,0,0,1,0,0,0
-1.0359316578226412,0,-1.192691439600377,0,0,1.6614257621543462,0.5805980133192868,1,2,0,0,0,0,0,1,0,0,0,1
0.2142108562879564,2,-1.2301733318188148,1,0,0.2683452145229702,-1.6637284155442797,0,3,0,0,0,0,1,0,0,0,0,0
1.406654485131911,1,-1.063797509604507,1,0,-0.8925552418365098,0.7705566765773317,0,3,0,0,0,0,0,1,0,1,0,0
0.38730751208788533,0,1.6761145850372265,0,0,1.6227290802756968,-1.2415980527486246,0,3,0,1,0,0,0,0,0,1,0,0
-0.6897383462227834,1,-0.7293500666848064,1,0,-0.9699486055938085,1.2419355816991466,0,2,0,1,0,0,0,0,0,0,0,0
-0.6512724227116881,1,0.40538827361212215,1,0,0.6940087151881129,-1.2697400769350016,0,2,0,0,1,0,0,0,0,0,0,1
-1.266727198889213,2,1.5317621945915105,1,0,-1.511702151894899,-0.8265031959995637,0,2,0,0,0,0,0,1,0,0,0,0
-1.0551646195781887,1,0.5502366069879999,1,0,-1.047341969351107,1.2630420998389293,0,2,0,0,0,0,1,0,0,0,0,0
1.6374500261984828,1,-1.0502859618632845,1,0,-1.3182187425016525,0.8760892672762455,0,3,0,1,0,0,0,0,0,0,0,1
1.1950919058208869,2,1.6270525587095743,0,0,0.30704189640161955,1.0590124244876962,0,3,0,1,0,0,0,0,0,0,0,1
-0.5358746521784021,1,-1.1674106612934094,1,0,-1.0860386512297564,-0.20034315785267517,1,2,0,0,0,0,0,1,1,0,0,0
-1.5359886634668802,1,1.3272036763913726,1,0,0.8487954427027102,-1.00239084716442,0,1,0,0,0,0,0,1,0,0,1,0
-0.36277799637847324,1,0.0633507628584574,1,0,1.3518523071251516,0.2640002412225455,0,2,0,1,0,0,0,0,0,1,0,0
1.5797511409318399,0,-1.4536771744071557,0,0,0.7714020789454116,-0.28476923041180624,0,3,0,0,0,0,0,0,0,0,0,0
0.15651197102131345,0,1.1874230895979938,1,0,1.2744589433678528,-1.558195824845366,0,3,0,0,0,0,1,0,0,1,0,0
0.5988700913989096,1,-1.2457168729782326,1,0,-0.4668917411713671,-0.6646865569278959,1,3,0,0,0,0,1,0,1,0,0,0
-0.6320394609561404,1,0.09166823657019747,1,1,1.4292456708824501,-0.36215979692434297,0,2,0,1,0,0,0,0,0,0,1,0
-0.9205338872893553,2,1.0557875763418207,0,0,1.2357622614892037,-1.2204915346088419,0,2,0,0,0,1,0,0,0,0,0,1
-0.5551076139339498,0,0.4420845114049413,1,0,1.3518523071251516,-0.502869917856228,0,2,0,0,1,0,0,0,0,0,0,0
1.3874215233763634,2,1.1003347606996845,1,0,-1.5503988337735484,0.39063935006124206,1,3,0,0,0,0,0,1,0,0,0,1
-1.382124969422499,2,-0.36838957838558445,1,0,-1.4343087881376004,-1.5159827885658004,0,1,0,1,0,0,0,0,1,0,0,0
1.4451204086430063,1,0.5856113399284948,0,1,0.2683452145229702,-0.05259753087419587,1,3,0,0,1,0,0,0,0,0,0,0
-1.5552216252224278,2,0.6481823512766343,1,0,0.5779186695521649,1.586675377982265,0,1,1,0,0,0,0,0,0,1,0,0
-1.2282612753781177,1,1.6648640804518897,1,1,1.0809755339746063,1.0027283761149421,0,2,0,0,0,0,0,1,0,0,0,0
-1.1897953518670223,0,-1.5901712607882743,0,0,-0.9699486055938085,-1.058674895537174,0,2,0,0,1,0,0,0,0,0,0,0
-0.6705053844672357,2,0.11686914158302014,0,0,0.7714020789454116,1.1997225454195812,1,2,0,0,1,0,0,0,0,0,1,0
-1.7283182810223567,0,-1.3209065478906887,1,0,-0.07992492238487377,0.6368820616920409,1,0,0,0,1,0,0,0,0,0,0,0
-1.4205908929335942,1,0.7367739142800894,1,0,-0.7377685143219125,-0.8194676899529695,0,1,0,0,0,1,0,0,0,1,0,0
0.9642963647543149,1,-1.686402671953878,0,0,-0.3508016955354191,-1.0516393894905798,0,3,1,0,0,0,0,0,0,0,0,0
1.3104896763541727,1,0.7561833517236586,1,0,-1.1634320149870552,0.39063935006124206,1,3,0,1,0,0,0,0,0,1,0,0
-0.3820109581340209,2,0.4733151067611172,0,0,1.3518523071251516,-1.0938524257701452,0,2,0,0,0,0,0,1,1,0,0,0
1.0796941352876008,1,1.5029497194436259,1,0,1.3131556252465022,-0.3480887848311545,0,3,0,0,0,0,1,0,0,1,0,0
0.1757449327768611,1,-1.3405073681765869,0,0,-1.4343087881376004,0.28510675936232827,0,3,0,0,0,0,1,0,1,0,0,0
1.0796941352876008,0,-1.3882853945839155,1,0,-0.2347116498994711,-1.2345625467020303,0,3,0,0,0,0,0,0,1,0,0,0
-0.8820679637782599,2,-0.9560550146736118,0,0,-0.2347116498994711,-0.42547935134369125,0,2,0,0,0,1,0,0,0,0,1,0
-1.2282612753781177,1,-0.6887911318620648,0,0,1.506639034639749,0.6017045314590697,0,2,0,0,0,0,1,0,0,0,1,0
0.8296656324654814,1,-0.6595132409690042,0,0,-1.2408253787443537,0.2640002412225455,0,3,0,1,0,0,0,0,0,0,1,0
1.464353370398554,2,0.5255837846461271,1,0,0.8100987608240608,1.333397160304872,1,3,0,1,0,0,0,0,0,0,0,0
0.5988700913989096,0,-0.7195887090828498,0,0,-0.04122824050622443,1.1152964728604502,0,3,0,1,0,0,0,0,0,0,1,0
-0.2858461493562826,0,0.015542380685507092,1,0,1.7001224440329956,-0.8827872443723177,0,2,1,0,0,0,0,0,0,0,0,0
-1.5359886634668802,1,0.07943290815197362,1,0,1.0809755339746063,0.7705566765773317,0,1,0,1,0,0,0,0,0,0,0,1
-1.4782897782002373,1,0.17707274412409993,1,0,0.07486180512972357,1.1997225454195812,0,1,0,0,0,0,1,0,0,1,0,0
-0.8051361167560693,0,0.8197661137077542,0,0,-1.511702151894899,-1.33305963135435,0,2,0,0,0,0,0,1,0,1,0,0
1.4451204086430063,0,-1.2040480665388358,1,0,-0.3508016955354191,-0.805396677859781,0,3,0,0,1,0,0,0,1,0,0,0
-0.07428357004525842,0,-1.0968804258867062,1,0,-1.5503988337735484,-0.34105327878456027,1,3,0,1,0,0,0,0,0,1,0,0
0.2142108562879564,0,-1.7578819566056527,1,0,-1.1634320149870552,-0.6576510508813016,0,3,0,0,1,0,0,0,0,0,0,1
0.6950349001766478,0,0.0003932827552350801,1,0,-1.511702151894899,0.5454204830863156,0,3,0,0,0,0,1,0,1,0,0,0
0.32960862682124237,1,0.8106304573875388,1,0,1.3518523071251516,1.6077818961220478,0,3,0,0,1,0,0,0,0,1,0,0
-0.208914302334092,2,-1.56613429272285,0,0,0.8874921245813595,-0.6295090266949246,1,2,0,0,0,0,0,1,0,0,0,0
-1.2474942371336655,2,0.3683541742108161,1,0,1.7001224440329956,1.6851724626345845,0,2,0,0,0,0,0,1,1,0,0,0
-1.5744545869779756,0,-0.6944609576602655,0,0,-1.1247353331084058,-0.9742488229780429,0,1,0,1,0,0,0,0,0,0,1,0
0.5411712061322665,2,-0.7457189599522677,0,0,1.390548989003801,-0.8827872443723177,1,3,0,1,0,0,0,0,0,1,0,0
0.11804604751021813,2,-0.4125106618927836,1,1,-1.395612106258951,-0.8757517383257235,0,3,0,0,0,0,0,1,0,0,1,0
-0.9782327725559982,0,0.4744436844577655,1,0,-1.5890955156521978,-1.445627728099858,1,2,0,1,0,0,0,0,0,0,0,0
-1.6321534722446185,2,1.3107730121159988,0,0,0.2296485326443209,0.6509530737852294,0,1,0,1,0,0,0,0,1,0,0,0
1.406654485131911,0,1.4480903495623478,1,0,-0.3508016955354191,-0.7561481355336211,0,3,0,0,1,0,0,0,0,1,0,0
-0.4204768816451162,0,1.6051949406739592,1,0,0.7714020789454116,1.39671671472422,0,2,0,0,0,0,1,0,1,0,0,0
1.3874215233763634,0,-0.8549471595228691,1,0,-0.07992492238487377,-0.8968582564655062,0,3,1,0,0,0,0,0,0,0,1,0
-0.9974657343115458,1,-1.6326359086878084,1,0,0.9648854883386583,1.284148617978712,0,2,0,1,0,0,0,0,0,1,0,0
0.4834723208656236,0,0.8771280325347145,1,0,-0.4668917411713671,-0.6998640871608671,0,3,0,0,0,0,1,0,0,0,0,1
1.5412852174207445,2,-0.2595415276419833,1,0,-1.4343087881376004,1.0238348942547248,1,3,0,0,0,1,0,0,0,1,0,0
0.7527337854432907,0,0.45723517904335104,1,0,-0.3508016955354191,-0.1229525913401384,0,3,0,0,1,0,0,0,0,0,1,0
-1.2282612753781177,0,-0.06779049997572799,1,0,-1.4343087881376004,-0.20034315785267517,1,2,0,1,0,0,0,0,0,0,0,0
-0.49740872866730684,2,1.4179529256789778,1,0,0.42313194203756754,-1.2767755829815959,0,2,0,0,1,0,0,0,0,0,1,0
0.1757449327768611,2,0.25572865587194055,0,1,-0.9312519237151591,1.1715805212332042,0,3,0,1,0,0,0,0,0,0,0,1
1.1950919058208869,1,1.4698273096881118,0,1,-0.8925552418365098,-1.6496574034510914,0,3,0,0,0,1,0,0,0,0,0,1
0.4257734355989806,1,0.5814798372391626,1,1,-1.0860386512297564,-1.058674895537174,1,3,0,0,0,0,0,1,0,1,0,0
0.4834723208656236,0,-1.493118386901552,1,1,1.0809755339746063,-0.39733732715731424,0,3,0,0,0,1,0,0,0,0,1,0
0.09881308575467047,0,0.55645027387801,1,0,-0.4281950592927178,1.586675377982265,1,3,0,0,0,0,0,1,0,0,1,0
0.9258304412432197,1,-0.7352213310840976,1,0,-0.07992492238487377,0.890160279369434,0,3,0,0,0,0,1,0,0,1,0,0
1.175858944065339,2,-0.2193420974741884,1,0,0.5005253057948662,-1.586337849031743,1,3,0,0,1,0,0,0,0,1,0,0
-1.6321534722446185,2,1.360315133934852,0,0,0.19095185076567156,-0.9179647746052889,0,1,0,1,0,0,0,0,0,0,0,1
-0.09351653180080607,2,-1.3202707464414731,0,0,-1.1634320149870552,-1.6355863913579027,1,3,1,0,0,0,0,0,0,0,1,0
0.8873645177321243,2,-1.721545058103301,1,0,1.1583688977319049,-0.5239764359960108,0,3,0,0,1,0,0,0,0,0,0,0
-1.0359316578226412,0,-1.25197931060174,1,0,-1.3569154243803017,0.3836038440146478,0,2,1,0,0,0,0,0,0,0,0,1
0.9642963647543149,1,1.4508806626152984,0,1,-0.0025315586275751,1.1012254607672616,0,3,0,1,0,0,0,0,0,0,1,0
0.4257734355989806,1,-1.3681825605508962,1,0,-0.38949837741406845,-1.6496574034510914,1,3,0,0,0,0,1,0,0,1,0,0
1.5797511409318399,1,0.9525729518758462,0,0,-1.395612106258951,0.32028428959529953,0,3,0,0,0,1,0,0,0,0,0,1
-1.6321534722446185,1,-0.38653241829191753,0,0,-0.8151618780792111,-1.6496574034510914,0,1,0,0,0,0,1,0,0,0,0,0
0.19497789453240877,0,-0.057083703567420464,0,0,-0.19601496802082177,1.4952137993765398,1,3,0,0,0,0,0,0,0,0,1,0
1.0796941352876008,2,-0.7012910529576619,0,1,0.4618286239162169,0.8409117370432743,0,3,0,0,1,0,0,0,1,0,0,0
-0.22814726408963965,1,0.23250413565761407,1,0,1.0809755339746063,-0.8194676899529695,0,2,0,0,0,0,1,0,0,0,0,0
-0.5358746521784021,1,0.29605259390441835,0,0,-0.6216784686859644,-0.08073955506057288,0,2,1,0,0,0,0,0,0,0,0,1
-0.8820679637782599,1,-0.8851150169877287,0,0,1.1196722158532555,-1.0164618592576085,0,2,0,0,1,0,0,0,1,0,0,0
1.1566259823097915,2,1.1646063599943393,0,0,0.7327053970667622,0.20771619284979148,0,3,0,0,0,0,1,0,0,0,0,0
-1.5167557017113324,1,-0.019418921287112496,0,0,-1.4343087881376004,-1.2838110890281902,0,1,0,0,0,0,1,0,0,0,1,0
-1.324426084155856,2,0.3660296216898519,1,0,1.7001224440329956,1.5655688598424822,1,1,0,0,0,0,1,0,0,0,0,1
0.27190974155459935,2,1.477224273489399,0,0,1.2357622614892037,0.6579885798318237,0,3,0,0,0,0,0,0,1,0,0,0
1.3104896763541727,2,0.9138062438956881,1,0,1.5453357165183983,-1.5793023429851487,0,3,0,1,0,0,0,0,0,0,1,0
0.2142108562879564,2,-0.569764395650532,1,0,-1.4730054700162498,-1.2627045708884073,1,3,0,0,0,0,1,0,0,0,0,0
0.23344381804350406,0,-0.5672048787588228,1,0,1.2357622614892037,-1.2345625467020303,1,3,0,0,0,0,1,0,1,0,0,0
0.32960862682124237,1,0.924019357473089,0,0,0.6940087151881129,0.6439175677386352,1,3,0,0,0,0,0,1,0,1,0,0
1.5412852174207445,0,-1.4764747081959095,1,0,1.7001224440329956,0.003686517498558149,0,3,0,0,1,0,0,0,0,1,0,0
-1.1320964666003794,1,-1.1393757168379604,0,0,0.6553120333094635,1.4600362691435684,0,2,0,1,0,0,0,0,0,1,0,0
1.2527907910875298,2,-0.45951788725229675,1,0,0.5005253057948662,-1.4245212099600753,0,3,0,0,0,0,1,0,1,0,0,0
0.4450063973545283,2,-0.36200389884177187,0,0,1.3518523071251516,-0.3691953029709372,0,3,0,0,0,0,1,0,1,0,0,0
0.8104326707099337,1,-0.2811698335049407,1,0,0.6553120333094635,-0.6506155448347074,1,3,0,1,0,0,0,0,0,0,1,0
0.4834723208656236,1,-0.3367288469086192,0,1,-1.1247353331084058,0.6439175677386352,0,3,0,0,0,0,0,1,0,0,1,0
-1.2474942371336655,0,-0.30757411635027115,1,0,-1.5503988337735484,0.20771619284979148,1,2,0,1,0,0,0,0,0,1,0,0
0.04111420048802752,1,-0.666582350812598,1,0,0.4618286239162169,1.6711014505413961,0,3,0,1,0,0,0,0,0,0,0,0
0.27190974155459935,0,1.0264648415710615,1,1,-0.4281950592927178,-0.9953553411178258,0,3,0,0,0,0,1,0,0,0,0,1
1.6566829879540306,2,0.05971604803688059,1,1,1.4292456708824501,0.024793035638340906,0,3,0,0,0,1,0,0,0,0,0,1
-1.4975227399557849,1,-0.13246525239918938,0,0,-0.8925552418365098,-0.27069821831861773,0,1,0,0,1,0,0,0,0,0,0,1
